customer_id,amount,gender
P0245,8400,female
P0472,9500,male
P0750,15300,male
P0807,10500,male
P0717,10700,female
P0154,15800,male
P0331,11700,female
P0342,6100,female
P0396,8000,female
P0609,8800,female
P0613,14200,female
P0614,11400,female
P0798,11600,female
P0918,10600,female
P1042,8400,female
P1044,16100,female
P1051,11900,female
P1066,3900,female
P1078,12500,male
P0510,8700,female
P0978,6800,female
P0064,9500,male
P1033,6900,female
P1048,7900,female
P0041,8200,male
P0149,4800,male
P0560,13000,female
P0849,10700,male
P0865,6600,male
P0947,14300,female
P0947,11600,female
P1076,9300,female
P0685,13200,female
P0143,13100,male
P0444,12900,female
P0664,12500,male
P0024,12100,female
P0781,10000,male
P0781,9300,male
P0116,9000,male
P0704,8000,male
P0583,9600,female
P0794,6100,female
P0849,17300,male
P0856,14200,male
P1019,6600,female
P1085,8900,female
P0313,8700,female
P0100,12800,male
P0148,10000,male
P0397,11100,female
P0580,10200,female
P0623,10100,male
P0985,14700,female
P0146,9500,male
P0449,15200,female
P0511,5200,female
P0848,12100,female
P0875,10700,male
P1005,11000,male
P0170,11500,male
P0856,8600,male
P0240,9200,female
P0240,6900,female
P0517,6800,male
P0865,11200,male
P1033,11700,female
P0785,10400,male
P0233,13200,male
P0252,16900,male
P0990,8700,male
P0985,2700,female
P0316,13500,female
P0337,7900,male
P0062,8000,male
P0062,13600,male
P1028,9300,male
P0227,6300,male
P0685,10800,female
P0227,9800,male
P0343,10300,female
P1060,11500,female
P0227,9000,male
P0946,12300,female
P0227,9500,male
P0205,11300,female
P0853,13800,male
P0848,11700,female
P1045,9200,female
P0227,14000,male
P1033,13500,female
P1027,12000,male
P1027,11000,male
P0313,8200,female
P0757,14700,female
P0064,8300,male
P1048,17400,female
P0750,15200,male
P0154,9500,male
P0577,6900,female
P0575,7900,male
P0116,11100,male
P0498,9400,male
P0143,9100,male
P0086,7200,female
P0716,10100,female
P0135,7700,female
P0135,4800,female
P0766,9000,female
P0766,13200,female
P0781,8400,male
P0781,12200,male
P0337,5000,male
P0661,10100,female
P0327,11900,female
P0146,11200,male
P0493,10600,female
P0691,8200,female
P0377,7500,female
P0240,6900,female
P0240,10600,female
P0577,7200,female
P0080,8700,male
P0551,9400,male
P0928,16200,female
P0973,8100,female
P0024,11000,female
P0060,10500,female
P0080,7100,male
P0089,10000,female
P0093,14900,female
P0094,11700,female
P0108,10400,female
P0117,8900,male
P0126,3600,female
P0160,13900,male
P0290,5500,male
P0294,12700,male
P0319,16500,female
P0321,5600,female
P0385,12500,female
P0394,9400,male
P0480,5100,female
P0547,5300,female
P0603,5000,female
P0620,8500,female
P0649,5500,female
P0665,12500,male
P0719,17100,female
P0788,6100,female
P0816,12800,male
P0923,12700,female
P0928,11300,female
P0966,7000,male
P0973,9900,female
P0987,9300,female
P1064,12100,female
P1079,9000,male
P0100,13400,male
P0320,9000,female
P0352,13700,male
P0071,6800,female
P0492,6200,male
P0541,20000,male
P0541,8900,male
P0541,11200,male
P0989,12300,male
P0469,8700,male
P0511,11900,female
P0559,11400,male
P0559,9600,male
P0559,10500,male
P0559,10100,male
P0559,17200,male
P0923,7800,female
P0923,6700,female
P0316,10400,female
P0883,11300,male
P0469,11700,male
P1045,8800,female
P0433,6800,female
P0433,14400,female
P0500,9100,female
P0577,7400,female
P0726,9500,male
P0313,9600,female
P0745,13900,female
P0978,10500,female
P0717,12700,female
P0717,8600,female
P1033,10900,female
P0541,9200,male
P0559,10600,male
P0559,7300,male
P0559,6000,male
P0559,16700,male
P0559,12200,male
P0559,6200,male
P0559,8300,male
P0559,6400,male
P0376,17400,female
P0541,14500,male
P0316,9400,female
P0280,12000,female
P1119,8900,male
P1133,8700,female
P0074,7700,female
P0855,8300,male
P0541,15600,male
P0848,10100,female
P1051,10600,female
P0433,11000,female
P0577,14300,female
P0655,8600,female
P0726,7000,male
P0041,15700,male
P0154,8800,male
P1045,7900,female
P0294,6200,male
P0327,6100,female
P0327,8400,female
P0577,12300,female
P0726,13900,male
P0377,12500,female
P0205,9100,female
P0205,10400,female
P0717,8000,female
P0100,7900,male
P0533,13100,female
P1033,6900,female
P0280,16600,female
P0575,10000,male
P0891,10900,male
P0337,7800,male
P0577,8400,female
P0911,6000,female
P1045,9700,female
P0580,11600,female
P0086,11300,female
P0577,7700,female
P0595,7700,male
P0405,8600,male
P0444,15100,female
P0709,6600,male
P0062,9700,male
P0909,16400,female
P0716,9900,female
P0205,5800,female
P0823,8100,male
P0823,11800,male
P0978,9000,female
P0946,8400,female
P1028,9100,male
P1003,10500,male
P1003,15400,male
P1055,10000,female
P0757,13800,female
P0757,12300,female
P0559,9900,male
P0559,5300,male
P0559,8600,male
P0559,8700,male
P0559,10400,male
P0498,14500,male
P0498,17700,male
P0498,15300,male
P0498,9800,male
P0498,4500,male
P0726,9000,male
P1042,10500,female
P0961,13000,female
P0961,13400,female
P0280,12500,female
P0377,5700,female
P0853,13000,male
P0577,8800,female
P0415,10800,female
P0559,10500,male
P0559,11600,male
P0559,10300,male
P0559,4800,male
P0559,12600,male
P0559,11500,male
P0559,9400,male
P0559,10600,male
P0559,10700,male
P0559,11000,male
P0559,15600,male
P0559,9500,male
P0485,10800,male
P0716,14000,female
P0575,13700,male
P0074,14000,female
P1105,8400,male
P0064,16800,male
P0283,10500,female
P0891,16300,male
P1055,5900,female
P0469,10300,male
P0717,14300,female
P0717,7900,female
P0750,7800,male
P0891,7200,male
P1055,6800,female
P0143,8800,male
P0716,11300,female
P0753,3700,male
P0322,10900,female
P0322,14300,female
P1055,16900,female
P0716,14500,female
P0949,12700,female
P0116,4600,male
P0376,8300,female
P0376,9100,female
P0781,12500,male
P0781,9900,male
P1045,6200,female
P1105,15700,male
P0237,13200,male
P0978,11000,female
P0716,14200,female
P0493,5900,female
P0766,12400,female
P0847,8600,male
P0929,12500,female
P0577,10100,female
P0716,12300,female
P1055,14600,female
P1055,10300,female
P0685,13600,female
P0029,6400,male
P0320,7900,female
P0352,15200,male
P0716,11500,female
P0322,3600,female
P0625,5800,female
P0024,9600,female
P0059,13100,female
P0060,9900,female
P0080,12300,male
P0089,13400,female
P0094,15700,female
P0108,10400,female
P0113,10100,female
P0117,4600,male
P0126,10600,female
P0136,8400,male
P0160,7100,male
P0172,9700,female
P0178,13500,male
P0233,3800,male
P0253,8900,male
P0274,10600,female
P0290,7300,male
P0319,11300,female
P0347,11600,female
P0385,10100,female
P0422,2200,male
P0422,18600,male
P0480,9600,female
P0490,12400,female
P0498,11100,male
P0539,13600,male
P0547,12900,female
P0573,9600,female
P0599,11500,male
P0603,7200,female
P0620,13000,female
P0628,8800,female
P0665,18100,male
P0666,4900,female
P0677,8700,female
P0769,12900,female
P0788,11900,female
P0808,8300,male
P0816,7000,male
P0838,10700,female
P0842,10200,male
P0847,4400,male
P0904,10400,female
P0910,10900,female
P0923,10800,female
P0928,6800,female
P0929,11800,female
P0941,14700,female
P0966,11700,male
P0969,6600,male
P0973,8800,female
P1023,11400,female
P1064,8100,female
P1079,3200,male
P1005,13100,male
P1005,7600,male
P0245,8400,female
P0664,15100,male
P0807,7700,male
P0875,13000,male
P0929,6200,female
P0127,9100,male
P0127,10000,male
P1055,6500,female
P1033,8200,female
P0929,10200,female
P0606,12400,male
P0966,4900,male
P0240,9100,female
P0240,12700,female
P1105,8500,male
P0716,11000,female
P0871,11800,male
P0577,11100,female
P0716,12400,female
P0577,9900,female
P0072,8900,female
P0577,1700,female
P0716,9900,female
P1045,11600,female
P0839,12000,female
P0839,8400,female
P0467,16000,male
P0467,11200,male
P1105,10700,male
P0716,14400,female
P0135,7900,female
P1016,8800,male
P1016,18000,male
P0408,10300,male
P0716,15600,female
P1055,5600,female
P0541,9600,male
P0541,11500,male
P0541,11200,male
P0541,7000,male
P0294,10300,male
P0267,6700,male
P0377,12600,female
P0823,13800,male
P0716,3000,female
P0978,14300,female
P0823,6200,male
P0102,11700,female
P0167,12400,female
P0264,9600,female
P0342,8200,female
P0396,10800,female
P0506,11700,female
P0526,13100,male
P0609,3600,female
P0613,4900,female
P0614,14900,female
P0669,13700,female
P0918,11700,female
P1042,12600,female
P1044,13200,female
P1051,1600,female
P1078,13900,male
P0294,8700,male
P1049,11000,male
P1027,9300,male
P1027,13100,male
P0577,9100,female
P0577,11900,female
P0716,9000,female
P0894,6700,female
P0961,14200,female
P0961,12700,female
P0577,15900,female
P0726,10500,male
P0891,13900,male
P0541,16700,male
P0541,9300,male
P0541,6000,male
P0541,9500,male
P0086,9600,female
P0465,10700,male
P0559,15800,male
P0559,9200,male
P0559,11500,male
P0559,9500,male
P0559,10300,male
P0559,11300,male
P0716,14600,female
P0716,10600,female
P0717,12600,female
P0294,12800,male
P0891,13200,male
P0716,8400,female
P0071,15500,female
P0029,9000,male
P0716,9900,female
P1105,14800,male
P0716,14500,female
P0716,6700,female
P0032,7400,female
P0136,5800,male
P0152,10800,male
P0160,10800,male
P0163,11400,female
P0644,12000,female
P0678,8300,female
P0679,7000,female
P0721,13600,male
P0730,12700,male
P0815,5300,female
P0836,9900,female
P0860,7300,male
P0980,3500,female
P0996,10700,male
P1013,10000,male
P0316,9900,female
P0377,11000,female
P1045,13100,female
P1049,10900,male
P0205,8200,female
P0313,7900,female
P0577,9800,female
P0303,11300,male
P0062,6900,male
P0337,9700,male
P0909,13400,female
P0891,9900,male
P0891,8000,male
P0716,9400,female
P0716,13900,female
P0891,12000,male
P0286,14300,female
P0575,10700,male
P0072,11600,female
P0716,8400,female
P0343,12200,female
P0029,8600,male
P0716,5600,female
P0906,10700,male
P0946,16600,female
P1119,12900,male
P0492,14000,male
P0989,11400,male
P0415,8300,female
P0033,9600,female
P0559,9400,male
P0559,8700,male
P0559,12500,male
P0559,6400,male
P0559,13100,male
P0559,13100,male
P0559,6400,male
P0559,12300,male
P0559,18100,male
P0559,8400,male
P0559,13000,male
P0716,7700,female
P1049,13900,male
P0600,11100,male
P0716,15600,female
P0961,5500,female
P0577,10100,female
P0655,8500,female
P0716,9600,female
P0757,8200,female
P0237,7500,male
P0377,12100,female
P0716,6700,female
P0853,15100,male
P0316,6400,female
P0871,10600,male
P1055,12000,female
P0553,12200,female
P0796,9300,female
P0064,10500,male
P0848,13400,female
P0823,5500,male
P0750,7700,male
P0322,11300,female
P0577,8800,female
P0093,14700,female
P0294,12400,male
P0802,10500,female
P1055,5300,female
P0796,10300,female
P0116,9200,male
P0533,9900,female
P1049,6400,male
P0033,11900,female
P0781,6900,male
P0781,9500,male
P1055,11500,female
P0376,7700,female
P0579,12100,female
P0240,6000,female
P0240,1100,female
P0577,11800,female
P1028,13000,male
P0871,9300,male
P0871,11900,male
P0871,6500,male
P0130,9800,female
P0891,3900,male
P1055,14100,female
P0086,16300,female
P0086,13700,female
P0320,10200,female
P0352,10100,male
P1055,5300,female
P0227,12800,male
P0316,9600,female
P0961,8100,female
P0377,5700,female
P0467,9300,male
P0796,7500,female
P0056,9000,female
P1005,6300,male
P0498,15700,male
P0498,10200,male
P0581,13700,female
P0581,1800,female
P0581,8800,female
P0581,8100,female
P1048,6300,female
P0753,15300,male
P0041,5700,male
P0130,11300,female
P0517,13000,male
P0605,10800,male
P0623,7400,male
P0714,13300,female
P1011,10800,male
P1029,6800,male
P1050,5700,male
P0891,17000,male
P1055,8000,female
P0511,4200,female
P0029,12000,male
P0029,11300,male
P0117,5900,male
P0127,3900,male
P0227,9900,male
P0724,14000,female
P0577,12300,female
P0577,8600,female
P0029,7500,male
P0790,11100,female
P1016,10800,male
P1016,12300,male
P0237,9000,male
P0377,13200,female
P0873,7500,female
P0061,9200,male
P0167,12700,female
P0331,13500,female
P0342,3900,female
P0396,10600,female
P0506,12200,female
P0566,5500,female
P0609,11800,female
P0614,7600,female
P0669,13600,female
P0918,12000,female
P1042,12700,female
P1044,10600,female
P1078,13100,male
P0408,14700,male
P1048,16600,female
P1066,10200,female
P1105,2900,male
P0042,10400,male
P0883,10900,male
P0577,9700,female
P0033,12100,female
P0033,13500,female
P0716,8600,female
P0492,9300,male
P0989,11500,male
P0911,8500,female
P0518,10500,male
P1086,3900,female
P1086,6600,female
P1133,5900,female
P0577,7500,female
P0033,8000,female
P0226,11500,male
P0405,13400,male
P1055,7900,female
P0720,7000,male
P1049,6900,male
P0405,8900,male
P0267,9500,male
P1055,11800,female
P0294,9200,male
P0716,3500,female
P0029,10000,male
P0072,14100,female
P0650,14100,female
P0093,7700,female
P0294,5200,male
P0824,18200,female
P0405,9700,male
P1051,9900,female
P1055,11600,female
P0376,5000,female
P0325,7900,female
P0325,5200,female
P0625,8000,female
P0716,10600,female
P0322,5800,female
P0577,12200,female
P0469,11200,male
P0716,7300,female
P0577,11000,female
P0465,12700,male
P0655,13700,female
P0377,9600,female
P0577,9900,female
P0716,10000,female
P0720,14900,male
P1049,13900,male
P0595,13000,male
P0062,9300,male
P0909,11500,female
P1055,11600,female
P1055,6900,female
P0012,4600,female
P0280,12300,female
P0303,5300,male
P0086,10300,female
P1055,11100,female
P0322,12100,female
P0322,10900,female
P0891,7900,male
P1055,13500,female
P0130,15900,female
P0577,13100,female
P0337,3900,male
P0716,14800,female
P0716,10100,female
P0226,12000,male
P0785,12300,male
P1119,9900,male
P0205,10000,female
P0313,13600,female
P0029,12600,male
P0061,13500,male
P0485,18000,male
P0495,12400,female
P0946,10900,female
P0100,3100,male
P0343,19000,female
P0577,8700,female
P0288,18000,male
P0475,11500,female
P0794,15200,female
P0963,9900,female
P1049,11900,male
P1055,10900,female
P0796,9600,female
P0377,9900,female
P0064,13500,male
P0750,9600,male
P1027,3600,male
P0823,9600,male
P1028,12000,male
P0781,12300,male
P0781,12300,male
P1055,4800,female
P0790,11400,female
P0790,13400,female
P0227,14400,male
P0891,9500,male
P0308,9200,female
P0613,15100,female
P1055,4800,female
P0245,8800,female
P1017,11700,male
P0317,5000,female
P0891,11200,male
P1055,16400,female
P0802,10200,female
P0472,9300,male
P0894,11800,female
P0959,9300,female
P0978,12900,female
P0770,13200,male
P1093,10300,male
P0396,6400,female
P1027,6000,male
P0520,8300,female
P0766,12800,female
P1055,3900,female
P0234,4100,female
P1055,8100,female
P0116,11500,male
P0227,7300,male
P0717,13100,female
P0717,11300,female
P0240,9700,female
P0240,12900,female
P0320,11500,female
P0320,8800,female
P0352,11000,male
P0678,12400,female
P0704,11400,male
P0041,8100,male
P0489,13000,male
P0643,14000,female
P0112,11100,female
P0146,10700,male
P0522,10000,male
P0551,17300,male
P0633,11100,female
P0661,9700,female
P0848,2100,female
P0877,5200,female
P1050,10000,male
P1050,10900,male
P1067,11100,female
P1086,12900,female
P0032,9600,female
P0122,14200,female
P0698,7300,male
P1055,6300,female
P0717,6300,female
P0739,12700,female
P0176,10000,female
P0337,12800,male
P0606,9400,male
P0875,8300,male
P0024,9100,female
P0060,4200,female
P0080,6400,male
P0083,5600,female
P0089,13700,female
P0094,8300,female
P0108,12800,female
P0117,15200,male
P0126,9600,female
P0172,11200,female
P0178,4600,male
P0204,7600,female
P0253,10400,male
P0274,11200,female
P0290,7800,male
P0313,19000,female
P0319,8800,female
P0321,10500,female
P0385,12400,female
P0394,10200,male
P0422,8200,male
P0439,13600,female
P0539,15500,male
P0547,10200,female
P0573,12100,female
P0599,9900,male
P0603,13600,female
P0620,6500,female
P0628,17800,female
P0645,8300,female
P0649,5500,female
P0665,9100,male
P0666,10700,female
P0677,15500,female
P0719,13200,female
P0788,10700,female
P0801,5700,male
P0808,7400,male
P0838,9700,female
P0842,18500,male
P0847,4200,male
P0863,13900,female
P0904,8500,female
P0941,15700,female
P0966,6500,male
P0969,10700,male
P1019,6700,female
P1023,13200,female
P1064,15100,female
P1079,16600,male
P0059,12800,female
P0113,16200,female
P0149,14300,male
P0221,9800,male
P0233,11800,male
P0303,7100,male
P0347,9600,female
P0397,14200,female
P0429,12000,female
P0480,11700,female
P0485,6900,male
P0557,8300,male
P0563,7800,female
P0580,11500,female
P0769,7000,female
P0787,12100,female
P0923,6600,female
P0928,16200,female
P0964,11700,female
P0973,8000,female
P0987,11000,female
P0046,9100,male
P0367,11500,female
P0412,11000,male
P0495,7000,female
P0605,7700,male
P0642,11200,female
P0643,15600,female
P0951,13800,female
P0990,8200,male
P0276,12900,female
P0137,10100,female
P0745,11200,female
P1055,11100,female
P0724,18600,female
P0137,6400,female
P0137,10600,female
P0170,4500,male
P0444,12200,female
P1005,13800,male
P0376,14900,female
P0415,4000,female
P0581,11600,female
P0868,15400,male
P0029,8900,male
P0033,9600,female
P0294,10100,male
P0467,11400,male
P0227,12400,male
P0489,14500,male
P0489,9900,male
P0891,10900,male
P0954,18300,female
P1083,11700,female
P0894,10900,female
P0137,5900,female
P0373,10300,female
P0550,9500,female
P0550,10200,female
P0550,8400,female
P0796,8000,female
P0577,7900,female
P0498,9600,male
P1027,14700,male
P0796,13700,female
P0227,9100,male
P0661,4800,female
P1055,7500,female
P0227,8800,male
P0802,10600,female
P0802,8100,female
P0280,16800,female
P0409,9400,male
P0033,6300,female
P0408,9800,male
P0205,7000,female
P1104,10800,female
P1104,11000,female
P1104,11400,female
P1104,5000,female
P1104,11000,female
P0267,11300,male
P0313,5600,female
P0227,13400,male
P0716,12800,female
P0377,17700,female
P0802,10800,female
P0146,10400,male
P0042,10600,male
P0042,10500,male
P0883,4200,male
P0883,4800,male
P0465,10000,male
P0625,8400,female
P0469,10400,male
P1003,3400,male
P0371,5400,female
P0371,6700,female
P0796,13500,female
P1133,6700,female
P0655,7700,female
P1119,10500,male
P0047,9200,male
P0298,10700,male
P0483,17700,male
P0985,6600,female
P0237,9300,male
P0435,8600,female
P0979,15200,female
P0041,7700,male
P0337,10000,male
P0498,12800,male
P1011,6800,male
P1055,15600,female
P0796,12400,female
P0579,6800,female
P0415,11700,female
P0559,9600,male
P0559,11300,male
P0559,10000,male
P0559,13700,male
P0559,5900,male
P0559,8600,male
P0559,9400,male
P0559,7000,male
P1027,6900,male
P0093,10200,female
P0294,9800,male
P0824,2000,female
P0449,13600,female
P0518,11100,male
P0498,18100,male
P0498,12500,male
P0227,8800,male
P1055,19300,female
P0891,19500,male
P1119,6300,male
P0227,11800,male
P0935,9600,female
P0612,10900,female
P0745,11000,female
P0421,6100,male
P0377,11200,female
P1055,15900,female
P0549,9700,female
P0227,9700,male
P0033,14800,female
P0873,13200,female
P1055,4900,female
P0796,11000,female
P0442,15600,female
P0442,14800,female
P0442,11600,female
P0283,12600,female
P0061,6400,male
P0716,11200,female
P0578,7100,female
P0062,8800,male
P0093,13300,female
P0294,6600,male
P0595,11100,male
P0909,11600,female
P0033,10400,female
P0227,16200,male
P0227,6900,male
P0337,12200,male
P0506,10000,female
P0669,9400,female
P0857,11800,female
P0796,6900,female
P0802,6000,female
P1055,8600,female
P1055,15900,female
P1055,10400,female
P0600,11300,male
P1066,9600,female
P0343,11800,female
P0553,7200,female
P0946,14000,female
P0492,12200,male
P0492,7600,male
P0989,10400,male
P0033,12600,female
P0033,12100,female
P0724,15100,female
P0498,8300,male
P0102,13900,female
P0167,13600,female
P0331,9700,female
P0396,7100,female
P0609,6700,female
P0613,11700,female
P0753,10000,male
P0753,16000,male
P0798,12000,female
P0916,9000,male
P0918,6900,female
P1044,8400,female
P1078,11400,male
P0435,8800,female
P0959,11900,female
P1082,9200,female
P0298,9900,male
P0483,7900,male
P0577,16400,female
P0056,11300,female
P0308,11000,female
P0716,4800,female
P0467,12400,male
P0237,6900,male
P0853,7400,male
P0137,13200,female
P0949,8800,female
P0600,4600,male
P0308,16000,female
P0522,2500,male
P0522,12100,male
P0796,13600,female
P0304,8200,male
P0823,11700,male
P0823,11700,male
P0308,13600,female
P0428,11800,female
P0304,9500,male
P0750,13200,male
P0911,12900,female
P1055,7200,female
P0304,5700,male
P0343,10800,female
P0610,9400,female
P0610,7000,female
P0428,10500,female
P0061,6000,male
P0061,10800,male
P0510,8200,female
P0868,13400,male
P0234,18100,female
P0116,7300,male
P0781,13700,male
P0781,12900,male
P0093,10000,female
P0294,8800,male
P0308,15400,female
P0824,3700,female
P0122,8200,female
P0410,5600,male
P0459,14800,male
P0578,9600,female
P0104,8500,female
P0807,20000,male
P0807,10100,male
P0991,8800,female
P0521,11200,female
P1048,5200,female
P0891,11800,male
P1055,9900,female
P1055,11800,female
P1005,7100,male
P0240,6900,female
P0240,8000,female
P0428,7800,female
P0489,14500,male
P0745,15400,female
P0891,9700,male
P0064,9100,male
P0317,9200,female
P0093,10500,female
P0294,10600,male
P0541,11200,male
P0824,7800,female
P0308,7500,female
P0978,14100,female
P1035,8500,female
P0796,11200,female
P0802,10100,female
P0135,7100,female
P0148,12200,male
P0770,10800,male
P0948,14800,female
P0521,10600,female
P0757,9200,female
P0739,11200,female
P0071,6400,female
P0385,7500,female
P0578,11900,female
P0724,9200,female
P1027,10000,male
P0978,9900,female
P0308,8100,female
P0352,3700,male
P0796,11400,female
P0917,12700,female
P1055,6100,female
P0024,15100,female
P0060,11500,female
P0080,14600,male
P0083,7100,female
P0089,10800,female
P0094,9900,female
P0108,12700,female
P0113,8400,female
P0126,10200,female
P0172,4500,female
P0173,7700,female
P0178,10700,male
P0204,8000,female
P0209,10100,female
P0233,8700,male
P0253,12200,male
P0274,14000,female
P0274,7600,female
P0290,9300,male
P0319,14900,female
P0321,3100,female
P0340,9200,female
P0347,17000,female
P0377,17400,female
P0394,10800,male
P0422,7400,male
P0429,10800,female
P0439,8100,female
P0480,15000,female
P0490,7600,female
P0490,11500,female
P0539,12300,male
P0547,7800,female
P0599,13000,male
P0620,7800,female
P0628,12300,female
P0645,13800,female
P0649,7000,female
P0665,13900,male
P0666,8700,female
P0677,11200,female
P0719,10900,female
P0769,8900,female
P0788,11100,female
P0808,6300,male
P0838,9800,female
P0842,12900,male
P0847,3200,male
P0863,5400,female
P0904,6500,female
P0910,5100,female
P0923,11600,female
P0928,7000,female
P0929,3200,female
P0935,8200,female
P0941,9000,female
P0966,13000,male
P0969,6700,male
P0973,14000,female
P1023,11500,female
P1064,11400,female
P1079,7500,male
P0056,16600,female
P0510,9700,female
P0093,4300,female
P0294,9600,male
P0824,4000,female
P1055,9200,female
P0200,8900,female
P0777,12500,female
P0917,13500,female
P0467,7900,male
P0691,12900,female
P0308,14900,female
P0303,7700,male
P0412,8100,male
P0784,12400,male
P0951,10800,female
P1055,12000,female
P0717,14800,female
P0033,11500,female
P0331,13700,female
P0517,12300,male
P0623,11700,male
P1029,11500,male
P0250,14400,male
P0511,7000,female
P0709,6700,male
P1055,12200,female
P0100,9900,male
P0510,10500,female
P0093,12700,female
P0294,12700,male
P0824,9400,female
P0949,9200,female
P0949,10500,female
P0949,13700,female
P0033,11600,female
P0072,14900,female
P0226,10200,male
P0655,13900,female
P0193,13100,female
P0327,12200,female
P0449,11600,female
P0560,9300,female
P0582,9900,female
P0582,11000,female
P0583,10400,female
P0714,13300,female
P0794,9900,female
P0849,10000,male
P0856,8700,male
P0865,9800,male
P0947,10000,female
P1019,2700,female
P1076,5800,female
P1085,10000,female
P0489,9400,male
P0582,6300,female
P0308,3800,female
P0467,9100,male
P0579,12400,female
P0796,16000,female
P0237,10100,male
P0377,15100,female
P1055,10500,female
P0796,10600,female
P0802,11300,female
P1016,7400,male
P0093,10100,female
P0294,13200,male
P0824,7800,female
P0308,9200,female
P0750,6500,male
P0042,11400,male
P0042,11600,male
P0883,12400,male
P0883,6300,male
P0408,10600,male
P0948,7200,female
P0267,10200,male
P0489,14600,male
P0048,8600,male
P0467,12600,male
P0467,7800,male
P0899,8700,female
P0771,11700,male
P0024,8000,female
P0105,4700,female
P0108,14400,female
P0321,11400,female
P0603,8400,female
P0719,3800,female
P0093,16400,female
P0294,20000,male
P0824,10900,female
P1055,13000,female
P1133,14200,female
P0044,8000,female
P0703,9100,male
P0703,4600,male
P0796,7900,female
P0033,12300,female
P0205,9300,female
P0313,9600,female
P0441,9900,female
P1084,4200,female
P0158,13000,female
P0245,5600,female
P0386,9600,male
P0857,8800,female
P0149,9500,male
P0316,15000,female
P0716,8400,female
P1055,7700,female
P0489,5300,male
P0489,7600,male
P0716,6500,female
P0796,11600,female
P0033,7400,female
P0308,11200,female
P0325,9800,female
P0325,5600,female
P0518,7700,male
P1027,13100,male
P0492,13200,male
P0989,16800,male
P0802,10200,female
P0025,5400,female
P0308,7800,female
P0093,11600,female
P0294,16400,male
P0824,10600,female
P0086,14000,female
P0796,12700,female
P0137,6500,female
P0891,9700,male
P1055,14500,female
P0659,13100,female
P0200,11800,female
P0873,11800,female
P0848,8700,female
P0442,6000,female
P0467,14500,male
P0796,5600,female
P0137,7200,female
P0137,12300,female
P0294,6100,male
P0289,8500,male
P0553,6400,female
P1064,12300,female
P0127,11700,male
P0283,11600,female
P1055,11700,female
P0489,12100,male
P0093,12300,female
P0294,3900,male
P0824,9800,female
P0337,10600,male
P0062,12600,male
P0909,6400,female
P1028,8600,male
P1055,6800,female
P0754,13700,female
P0371,14400,female
P0409,12800,male
P0467,6300,male
P0521,11700,female
P0510,14000,female
P0632,10800,female
P0754,8400,female
P0796,6700,female
P0093,8100,female
P0294,12600,male
P0703,8800,male
P0824,11000,female
P0346,14500,female
P0346,12100,female
P0802,14700,female
P0754,4700,female
P0946,9300,female
P0227,10500,male
P0754,12100,female
P0754,6500,female
P0947,12900,female
P1085,11200,female
P0340,11100,female
P0757,11900,female
P0754,9900,female
P1055,13300,female
P0595,12400,male
P0376,9800,female
P0135,13600,female
P1088,11200,female
P0042,12400,male
P0042,8300,male
P0883,15400,male
P0883,10200,male
P0807,13000,male
P0510,9900,female
P0326,9300,female
P0948,12800,female
P0428,5100,female
P0143,11800,male
P0853,11500,male
P0533,1500,female
P0796,11400,female
P0227,3200,male
P0600,12400,male
P0706,8800,male
P0625,8000,female
P1092,10200,male
P0807,14700,male
P0309,8200,female
P0341,12100,female
P1084,11400,female
P0309,6400,female
P0766,4600,female
P0685,3800,female
P0143,12000,male
P1055,10100,female
P0533,16300,female
P0694,12100,male
P1027,13000,male
P1027,14600,male
P1048,8600,female
P0074,11900,female
P0750,13100,male
P0428,14700,female
P0341,12700,female
P0790,11600,female
P0255,7400,male
P0510,12600,female
P0796,11900,female
P0796,12300,female
P0475,11600,female
P0286,9600,female
P0064,10000,male
P0467,12500,male
P0467,10800,male
P0790,7600,female
P0093,9300,female
P0100,6000,male
P0294,7100,male
P0602,9800,female
P0824,4400,female
P0376,4800,female
P0116,13800,male
P0317,8400,female
P0510,4200,female
P0245,9900,female
P0308,14500,female
P0781,12400,male
P0781,11700,male
P0472,14100,male
P0796,7700,female
P0796,12600,female
P0267,8300,male
P0412,10300,male
P0495,17400,female
P0785,13400,male
P0802,12700,female
P0917,6600,female
P0951,7700,female
P0141,17700,male
P0209,6700,female
P0257,10900,male
P0044,13200,female
P0286,13600,female
P0286,13800,female
P0865,9700,male
P0255,7600,male
P0868,9300,male
P1071,7300,female
P0240,12300,female
P0240,13900,female
P0959,17200,female
P1055,11400,female
P0257,7400,male
P1004,13600,male
P0610,13200,female
P0611,9500,female
P0823,5200,male
P0308,12700,female
P0004,13900,female
P0472,9300,male
P0209,12000,female
P1045,9400,female
P0327,12500,female
P0093,9900,female
P0294,9100,male
P0824,10600,female
P0118,9300,female
P0381,8300,male
P0250,9200,male
P0343,10200,female
P0555,10900,male
P0704,15200,male
P0948,5800,female
P0056,9600,female
P0112,12300,female
P0189,16000,male
P0234,11600,female
P0293,10200,female
P0373,9300,female
P0398,11600,female
P0412,13500,male
P0495,9700,female
P0551,10800,male
P0586,11000,female
P0605,12600,male
P0623,13900,male
P0633,11200,female
P0661,10000,female
P0698,14800,male
P0709,10800,male
P0723,15400,male
P0784,10000,male
P0877,12200,female
P0899,5200,female
P1029,9900,male
P1050,10200,male
P1067,7800,female
P1082,6900,female
P0580,13300,female
P1027,13200,male
P0096,6000,female
P0307,11600,female
P0418,6600,male
P0418,6800,male
P0517,12000,male
P0528,8000,female
P1015,13500,male
P0308,10400,female
P0386,12000,male
P0439,8500,female
P0691,6500,female
P0801,13200,male
P0257,11000,male
P0428,9500,female
P0433,10500,female
P0485,14600,male
P0577,8000,female
P0042,7800,male
P0042,8200,male
P0327,5100,female
P0397,12900,female
P0499,10900,female
P0739,10900,female
P0883,10100,male
P0883,8600,male
P0787,7600,female
P0105,13000,female
P0149,5600,male
P0158,11700,female
P0176,7700,female
P0280,11200,female
P0340,7800,female
P0386,8500,male
P0441,16000,female
P0730,12400,male
P1084,3300,female
P0475,10700,female
P0606,8800,male
P0963,6600,female
P1049,10900,male
P0141,10700,male
P0221,9200,male
P0557,16700,male
P0563,2900,female
P0724,13000,female
P1055,9300,female
P1055,12400,female
P0024,8800,female
P0059,8300,female
P0089,4700,female
P0094,9600,female
P0108,18300,female
P0113,13500,female
P0117,15700,male
P0126,13200,female
P0172,14000,female
P0178,13200,male
P0204,11800,female
P0233,8400,male
P0253,8500,male
P0274,5000,female
P0319,10200,female
P0347,13200,female
P0394,13600,male
P0422,10600,male
P0429,8500,female
P0439,20000,female
P0480,12600,female
P0483,14900,male
P0490,9200,female
P0547,10100,female
P0573,11700,female
P0573,15700,female
P0599,9200,male
P0620,13000,female
P0628,3400,female
P0645,8600,female
P0677,6100,female
P0719,13900,female
P0769,9700,female
P0788,9000,female
P0808,14700,male
P0816,13900,male
P0838,7300,female
P0847,11600,male
P0863,6300,female
P0904,8700,female
P0910,15500,female
P0923,15000,female
P0966,13900,male
P0969,8400,male
P0973,4100,female
P0987,6400,female
P1023,13300,female
P1064,9300,female
P1079,3200,male
P0255,9700,male
P0294,14800,male
P0352,12300,male
P0755,7600,male
P0047,5200,male
P0048,7600,male
P0048,10400,male
P0445,13100,female
P0467,3900,male
P0467,13600,male
P0467,10300,male
P0608,12100,male
P1006,4900,male
P0415,8100,female
P1045,8800,female
P0025,13600,female
P0393,13600,male
P0848,11700,female
P0405,15500,male
P0487,8600,male
P0495,13500,female
P0990,10100,male
P1053,8100,male
P0777,13300,female
P0041,14700,male
P0510,13100,female
P1005,8600,male
P0308,8700,female
P0510,14700,female
P0709,11400,male
P0796,12900,female
P1055,9100,female
P0777,14300,female
P0340,7600,female
P1000,12300,female
P1000,7600,female
P1016,2200,male
P0072,5900,female
P0226,10700,male
P0706,13100,male
P0948,4600,female
P0906,6200,male
P0906,16000,male
P1016,8800,male
P0790,11900,female
P0802,8500,female
P0891,9300,male
P0205,10500,female
P0510,10300,female
P0489,9600,male
P0796,8700,female
P1017,500,male
P0209,16300,female
P0723,16100,male
P0428,6700,female
P1055,9700,female
P0489,14700,male
P0729,13500,male
P0729,14400,male
P0729,6800,male
P0280,18600,female
P0727,6600,male
P0750,12700,male
P0810,10700,female
P0093,8900,female
P0294,9000,male
P0824,7000,female
P0025,15500,female
P1063,10500,male
P0486,11100,male
P0486,10900,male
P0486,9000,male
P0486,6600,male
P0486,11100,male
P1017,3400,male
P1133,5600,female
P0716,6800,female
P0716,6700,female
P0093,10600,female
P0294,15400,male
P0824,5300,female
P0393,11700,male
P0482,13200,female
P0316,7000,female
P0316,10100,female
P0802,12900,female
P1027,9400,male
P0510,9500,female
P0796,11300,female
P0802,10100,female
P1027,8400,male
P1092,9800,male
P0032,16400,female
P0073,13100,female
P0117,7300,male
P0152,6200,male
P0160,9100,male
P0519,14600,female
P0644,11200,female
P0678,8000,female
P0679,13100,female
P0721,9800,male
P0730,6600,male
P0860,11700,male
P0996,15200,male
P1013,11700,male
P0729,10900,male
P0777,8100,female
P0237,12100,male
P0141,6800,male
P0255,4900,male
P0371,10100,female
P0475,10100,female
P0760,17900,male
P0760,6300,male
P0760,10800,male
P0510,12900,female
P0141,13700,male
P0611,10200,female
P0602,7800,female
P0511,10000,female
P0518,16600,male
P1017,11800,male
P0105,3600,female
P0245,14900,female
P0299,12000,female
P0510,10100,female
P0796,10200,female
P0189,9800,male
P0802,11100,female
P0255,8600,male
P1027,11200,male
P0729,7200,male
P0750,10900,male
P0141,13800,male
P0810,11900,female
P0489,13600,male
P0553,6700,female
P0553,10400,female
P0717,12300,female
P0717,6800,female
P0873,15300,female
P0482,6900,female
P0489,10800,male
P1051,10700,female
P0200,10600,female
P0482,9600,female
P0093,11700,female
P0294,6900,male
P0824,6100,female
P0510,8100,female
P0093,10100,female
P0294,14300,male
P0376,15400,female
P0824,11300,female
P0048,11500,male
P0196,9500,female
P0196,10400,female
P0612,5700,female
P0796,11200,female
P0796,8500,female
P1067,11300,female
P0421,9100,male
P0625,8100,female
P0294,9500,male
P0824,9100,female
P0346,13800,female
P0777,10900,female
P1092,11700,male
P0891,6200,male
P1055,15100,female
P0063,10800,male
P0308,7500,female
P0063,11300,male
P0073,13100,female
P0160,5800,male
P0459,15700,male
P0802,9700,female
P0996,13900,male
P0063,10500,male
P0063,9200,male
P0470,4300,male
P1013,6700,male
P0200,10100,female
P1055,12900,female
P1012,4100,male
P0235,14700,male
P0611,14800,female
P0308,6500,female
P0376,11800,female
P0376,6900,female
P0790,9800,female
P1073,13300,male
P0267,13100,male
P0492,7500,male
P0891,9000,male
P0989,7100,male
P0065,11400,male
P0203,5200,male
P0307,1700,female
P0307,15000,female
P0307,17600,female
P0954,8800,female
P0012,12700,female
P0482,10200,female
P0007,15000,female
P0062,12100,male
P0068,10900,male
P0428,4400,female
P0727,13800,male
P0575,9100,male
P0978,5700,female
P0286,9600,female
P0286,9800,female
P0467,13700,male
P0978,6500,female
P0377,8400,female
P0377,15100,female
P0510,14700,female
P1027,14000,male
P1075,15600,male
P0611,10900,female
P0948,8400,female
P0139,12100,male
P0139,13700,male
P0467,18100,male
P0467,3900,male
P0467,11100,male
P0475,12400,female
P1029,10100,male
P0989,5200,male
P0428,12700,female
P0909,7700,female
P0796,11900,female
P0796,13200,female
P0709,14400,male
P0770,5200,male
P1055,13800,female
P0797,7800,male
P0136,6100,male
P0610,14500,female
P0458,14000,male
P0489,9500,male
P0777,12700,female
P0007,7500,female
P0007,9800,female
P0007,9900,female
P0007,9300,female
P0325,12600,female
P0325,15200,female
P0127,8800,male
P0412,10100,male
P1053,15600,male
P1053,9200,male
P0959,1800,female
P1052,11900,female
P0193,7400,female
P0946,7000,female
P0104,14900,female
P0902,18200,male
P0209,6900,female
P0255,13600,male
P0445,9900,female
P1027,10700,male
P0632,14200,female
P0267,10900,male
P0093,7500,female
P0294,8700,male
P0824,12500,female
P0376,2700,female
P0376,13800,female
P0376,5200,female
P0857,10300,female
P0611,9600,female
P0692,14500,female
P0796,10900,female
P0796,10600,female
P0257,12500,male
P0445,7600,female
P0753,9600,male
P0790,14100,female
P0071,12500,female
P0946,6100,female
P0522,12300,male
P0770,5800,male
P0802,8300,female
P1003,14200,male
P0881,2900,male
P0309,4500,female
P0961,14500,female
P0304,7600,male
P0341,14300,female
P0482,9700,female
P0842,11600,male
P1053,12900,male
P0777,8100,female
P0979,9300,female
P0102,8900,female
P0154,19400,male
P0167,10700,female
P0264,11800,female
P0331,9100,female
P0342,9500,female
P0396,14700,female
P0476,9100,male
P0506,10300,female
P0513,11500,female
P0526,8800,male
P0566,16600,female
P0609,5600,female
P0614,16800,female
P0796,9100,female
P0796,14700,female
P0798,3800,female
P0916,13400,male
P0918,13100,female
P1042,6100,female
P1044,7800,female
P1066,10900,female
P1078,14000,male
P0483,7800,male
P0549,9500,female
P0985,15400,female
P0988,6600,male
P1011,13300,male
P0041,11700,male
P0614,6700,female
P0341,8100,female
P1057,12800,female
P1057,11100,female
P1057,14900,female
P1057,8300,female
P0059,4700,female
P0308,13700,female
P0321,8300,female
P0367,10600,female
P0642,15800,female
P0676,9400,female
P0788,15300,female
P0881,6700,male
P1052,13300,female
P1088,11100,female
P0600,7900,male
P0288,6100,male
P0340,10500,female
P0409,11100,male
P0853,11200,male
P0510,12000,female
P0727,8800,male
P0953,8600,female
P0309,11000,female
P0093,8500,female
P0294,14200,male
P0824,10800,female
P0625,8300,female
P0790,4400,female
P1008,8200,male
P0421,16900,male
P0522,8400,male
P0522,7500,male
P0056,12400,female
P0656,11700,male
P0308,12700,female
P0750,9300,male
P1093,13900,male
P0034,6400,female
P0482,10100,female
P0521,8000,female
P0743,12500,female
P0796,10700,female
P0489,13900,male
P0865,16900,male
P0303,10700,male
P0072,8500,female
P0656,7600,male
P0983,9400,male
P0983,10000,male
P0141,16700,male
P0209,6600,female
P0781,6700,male
P0781,8900,male
P0970,12200,female
P0970,12900,female
P0970,7300,female
P0970,10700,female
P0970,10100,female
P0970,14100,female
P0970,13800,female
P0970,9200,female
P0970,10400,female
P0970,12400,female
P1052,4900,female
P0788,9200,female
P1027,12100,male
P1027,8500,male
P0791,10100,male
P0727,10200,male
P0727,7900,male
P0034,7000,female
P0034,9600,female
P0173,9100,female
P0240,13000,female
P0240,15200,female
P0116,10200,male
P0445,11500,female
P0326,10000,female
P0770,12200,male
P0004,11000,female
P0267,11000,male
P0796,13900,female
P0796,7000,female
P0236,15000,male
P0236,11400,male
P0236,10800,male
P0236,8400,male
P0236,9700,male
P0317,11500,female
P0520,3500,female
P0506,8300,female
P0510,12200,female
P0785,9300,male
P0492,7600,male
P0989,8200,male
P0777,11000,female
P0200,4900,female
P0170,13100,male
P0495,3200,female
P0785,8600,male
P1092,7700,male
P0141,6200,male
P0308,6700,female
P0739,11100,female
P0917,9900,female
P0288,9300,male
P0555,2700,male
P0724,5900,female
P0802,9800,female
P1017,7400,male
P0313,7700,female
P0141,13700,male
P1055,10800,female
P0048,6900,male
P0048,8700,male
P0105,9300,female
P0158,8000,female
P0441,7100,female
P1055,10100,female
P1084,12700,female
P0137,11000,female
P0137,9600,female
P0137,11500,female
P0159,12800,female
P0656,9800,male
P1133,11700,female
P0221,6500,male
P0528,9400,female
P0557,8900,male
P0563,10900,female
P0608,11400,male
P0100,9800,male
P0280,7800,female
P0337,7200,male
P0685,11200,female
P0991,14700,female
P0047,7700,male
P0450,9000,female
P0450,11300,female
P0983,8400,male
P0983,10600,male
P0442,10100,female
P0948,7700,female
P0352,13000,male
P0659,13000,female
P0708,13600,male
P0923,14400,female
P0953,8600,female
P0393,8700,male
P0482,11100,female
P0650,12300,female
P0450,9100,female
P0450,8900,female
P1006,8200,male
P0625,15100,female
P0341,2100,female
P0418,9700,male
P0418,10400,male
P0796,6800,female
P0796,11500,female
P0796,3900,female
P0796,13400,female
P0340,4800,female
P0978,3100,female
P1055,7800,female
P1003,10800,male
P0209,8100,female
P0276,8400,female
P0582,11300,female
P0660,6800,female
P0964,10000,female
P0991,11900,female
P0994,15600,male
P0139,11800,male
P0810,15800,female
P0130,11700,female
P0796,10200,female
P0796,2900,female
P0579,6300,female
P0611,9200,female
P0467,12600,male
P0467,9200,male
P0757,12000,female
P1027,6800,male
P0777,9400,female
P0459,11000,male
P0766,9100,female
P0510,10600,female
P0428,8100,female
P0586,11500,female
P1053,10000,male
P1067,10100,female
P0340,3900,female
P0255,8100,male
P0802,5400,female
P0790,5000,female
P0611,8600,female
P0200,9700,female
P0487,11200,male
P1016,13800,male
P0025,11700,female
P0093,13500,female
P0294,8500,male
P1055,9200,female
P0520,13800,female
P0755,10300,male
P0376,4800,female
P0487,7500,male
P0750,13500,male
P0156,8300,female
P0307,11300,female
P1051,10300,female
P0555,8600,male
P0602,9100,female
P0581,11500,female
P0788,10900,female
P0076,14300,female
P0857,9600,female
P1064,7200,female
P0518,10800,male
P0796,12500,female
P0796,17700,female
P0084,8700,male
P0472,9200,male
P0148,13100,male
P0252,14400,male
P0355,8100,male
P0356,12400,male
P0411,8400,male
P0644,7100,female
P0801,12300,male
P0810,10600,female
P0990,11500,male
P0267,8400,male
P0337,16100,male
P0308,12400,female
P0408,9000,male
P0355,12500,male
P0380,6300,male
P0393,9800,male
P0482,14800,female
P0044,9600,female
P0093,13200,female
P0280,9500,female
P0294,2800,male
P0434,7400,male
P0467,11000,male
P0642,15000,female
P0980,8300,female
P1084,11100,female
P0079,7100,female
P0351,6900,female
P0515,7700,female
P0515,14700,female
P0515,13300,female
P0515,12200,female
P0515,13900,female
P1000,8900,female
P0102,12700,female
P0167,10900,female
P0264,6800,female
P0331,7500,female
P0342,10400,female
P0396,10900,female
P0476,9200,male
P0506,7000,female
P0513,3500,female
P0526,11600,male
P0566,9300,female
P0609,12000,female
P0614,5200,female
P0798,6200,female
P0916,9900,male
P1042,5700,female
P1044,3800,female
P1066,12800,female
P1078,13200,male
P0034,6900,female
P0411,9400,male
P0110,6600,female
P0156,11300,female
P0381,10200,male
P0487,7400,male
P0705,7700,male
P0953,6800,female
P0122,11700,female
P0325,12100,female
P0459,11500,male
P0032,7500,female
P0073,4400,female
P0152,12000,male
P0163,9700,female
P0176,10100,female
P0303,13600,male
P0536,7300,female
P0583,14000,female
P0644,8900,female
P0678,7900,female
P0679,9600,female
P0721,11500,male
P0730,9600,male
P0815,7300,female
P0860,9300,male
P0956,2000,female
P1017,8600,male
P0025,11700,female
P0160,9700,male
P0500,12500,female
P0619,11800,female
P0061,12300,male
P0209,12400,female
P0638,4600,female
P0659,10300,female
P0662,15500,male
P0771,8700,male
P1071,11700,female
P0089,10700,female
P0304,12100,male
P0317,9400,female
P0349,8100,male
P0458,10500,male
P0551,10900,male
P0881,9600,male
P0797,10400,male
P0841,11600,male
P0163,7700,female
P0439,14000,female
P0528,17400,female
P0868,15100,male
P0996,8800,male
P1008,4300,male
P1017,10400,male
P0133,13100,female
P0289,12800,male
P0289,6300,male
P0148,6600,male
P0755,10700,male
P0756,12300,female
P0435,13100,female
P0964,12900,female
P0337,7100,male
P0709,6000,male
P1008,3700,male
P0118,11900,female
P0694,12900,male
P0193,11300,female
P0233,6800,male
P0449,15300,female
P0476,9000,male
P0560,16000,female
P0582,12000,female
P0583,14100,female
P0714,11300,female
P0725,10000,male
P0794,7000,female
P0849,8400,male
P0856,10100,male
P0881,11200,male
P0947,10100,female
P1019,9700,female
P1076,10800,female
P1076,8500,female
P1085,8500,female
P0490,5500,female
P0510,13000,female
P0665,10400,male
P0406,10000,male
P0435,7800,female
P0511,9400,female
P0522,6700,male
P0745,6800,female
P0770,4000,male
P1017,13400,male
P1048,10700,female
P0156,6600,female
P0156,14000,female
P0356,12300,male
P0807,12700,male
P0875,9500,male
P1096,8900,male
P0173,9900,female
P0913,11600,male
P0094,12800,female
P0692,15400,female
P0788,8600,female
P0801,6900,male
P0801,10600,male
P0899,20000,female
P0941,8900,female
P0059,14000,female
P0065,9500,male
P0203,8700,male
P0233,7900,male
P0233,9600,male
P0253,15600,male
P0274,11200,female
P0290,11800,male
P0290,13000,male
P0307,17000,female
P0384,12800,female
P0422,5600,male
P0493,6900,female
P0505,5100,female
P0539,1000,male
P0547,14400,female
P0549,8600,female
P0599,11500,male
P0613,14100,female
P0620,8600,female
P0665,9800,male
P0678,11400,female
P0679,11000,female
P0679,7700,female
P0715,12600,female
P0756,12000,female
P0775,9300,female
P0816,6300,male
P0836,12300,female
P0863,14900,female
P0935,14700,female
P0954,13100,female
P0956,8700,female
P0966,8500,male
P0973,8300,female
P0980,8900,female
P0068,12600,male
P0216,11100,female
P0321,4200,female
P0493,4200,female
P0715,10200,female
P0788,10700,female
P0956,2800,female
P0966,7600,male
P1079,10300,male
P0104,15000,female
P0510,3700,female
P0750,6200,male
P0830,6700,female
P1027,10800,male
P0159,11300,female
P0668,9200,female
P0340,5000,female
P0556,8200,female
P0913,8400,male
P0913,9600,male
P1008,15500,male
P0065,8100,male
P0307,10500,female
P0332,8000,female
P0815,6200,female
P0233,12300,male
P0409,6800,male
P0487,19100,male
P0276,10600,female
P0303,10400,male
P0351,10000,female
P0796,16200,female
P0445,12400,female
P0499,9400,female
P0032,6500,female
P0032,6900,female
P0325,7700,female
P0489,14200,male
P0796,9600,female
P0796,7800,female
P0112,12800,female
P0189,14600,male
P0196,8000,female
P0293,8800,female
P0373,11400,female
P0398,10200,female
P0412,11600,male
P0495,15800,female
P0517,10100,male
P0586,9300,female
P0605,11800,male
P0612,10100,female
P0623,12300,male
P0633,9500,female
P0643,11700,female
P0661,5200,female
P0678,10300,female
P0698,8600,male
P0723,6400,male
P0784,8900,male
P0785,11500,male
P0877,10600,female
P0951,12500,female
P0985,13300,female
P1035,12900,female
P1053,9200,male
P1067,5900,female
P1082,9300,female
P0221,14100,male
P0221,9900,male
P0671,4900,female
P1029,11800,male
P0136,11200,male
P0136,8900,male
P0377,10800,female
P0489,14700,male
P0508,14500,female
P0645,8800,female
P0649,10300,female
P0715,5500,female
P0483,7900,male
P0093,16800,female
P1087,15100,female
P0294,9500,male
P0340,8000,female
P0346,5800,female
P0110,17200,female
P0209,10600,female
P0766,8300,female
P0459,13800,male
P0100,6700,male
P0610,12600,female
P0371,14900,female
P0322,9600,female
P0322,15000,female
P0322,12300,female
P0308,8000,female
P0787,12100,female
P0491,8000,female
P0766,8500,female
P1096,12800,male
P1096,8700,male
P0796,10200,female
P0802,13600,female
P0906,6300,male
P0948,15400,female
P0961,16900,female
P0961,12200,female
P1045,11600,female
P1045,8600,female
P1073,11800,male
P1006,8600,male
P1027,11200,male
P1096,8000,male
P0234,12800,female
P0873,12500,female
P0139,14300,male
P0139,16700,male
P0487,8100,male
P0109,13400,female
P0953,5600,female
P1017,8800,male
P0308,13300,female
P0470,7900,male
P1012,11400,male
P1055,7300,female
P1008,9000,male
P0796,10100,female
P0606,8300,male
P0666,3900,female
P0012,11000,female
P0062,11800,male
P0909,10700,female
P0685,8700,female
P0467,13200,male
P0467,13800,male
P1088,2500,female
P0004,13900,female
P0267,4500,male
P0499,9100,female
P0499,6600,female
P0499,8200,female
P0499,14500,female
P0445,12000,female
P1071,11900,female
P0753,3500,male
P0520,10900,female
P0632,12300,female
P0797,13000,male
P0946,7100,female
P1008,13300,male
P0868,5700,male
P1058,15900,female
P0727,7700,male
P0033,12700,female
P0288,11300,male
P0349,6800,male
P1096,14000,male
P0625,10400,female
P0257,12900,male
P0062,11000,male
P0149,13100,male
P0656,10300,male
P0656,13900,male
P0656,9100,male
P0656,12000,male
P0377,11500,female
P0790,13000,female
P0857,8200,female
P1027,10800,male
P1027,8400,male
P0349,13200,male
P0802,8200,female
P0332,15900,female
P0961,12800,female
P1055,10200,female
P0084,14200,male
P0004,10000,female
P0308,12100,female
P0235,12000,male
P0911,11600,female
P1027,8300,male
P1027,6200,male
P0853,4800,male
P1058,8800,female
P0349,12500,male
P0280,9500,female
P0280,6300,female
P0671,17300,female
P0197,12500,female
P0851,16600,male
P0162,14200,male
P0796,8300,female
P0796,8900,female
P0139,5600,male
P0294,12700,male
P0074,15500,female
P0133,7300,female
P1057,6300,female
P1057,13100,female
P0194,5300,female
P0650,16500,female
P0950,12100,female
P0003,4700,female
P0445,11400,female
P0577,10600,female
P0851,2200,male
P0171,10100,female
P0482,8300,female
P0750,7400,male
P1029,11000,male
P0141,13000,male
P0522,15900,male
P0743,1700,female
P0851,12700,male
P0992,7200,female
P0200,14000,female
P0162,11400,male
P0110,14900,female
P0175,5400,female
P0743,11900,female
P0824,11200,female
P0411,13700,male
P0602,9500,female
P0816,14000,male
P0465,8800,male
P1006,8900,male
P0720,10300,male
P0975,6800,female
P1049,8800,male
P0459,13900,male
P0668,15600,female
P0625,13900,female
P0781,8900,male
P0781,11300,male
P0913,10600,male
P0851,6200,male
P0902,11100,male
P0048,7600,male
P0048,6800,male
P0950,12600,female
P0286,7900,female
P0725,9800,male
P0171,7100,female
P0806,10400,male
P0110,11900,female
P0851,11900,male
P0458,6800,male
P0458,14300,male
P0851,15100,male
P0004,11500,female
P0294,10800,male
P0671,10500,female
P0240,11100,female
P0922,11500,male
P0362,10700,male
P0755,12400,male
P0790,9200,female
P0796,13900,female
P0796,10100,female
P0994,4500,male
P0994,9900,male
P1017,11700,male
P0475,14200,female
P0851,10400,male
P0284,3900,male
P0796,10300,female
P0796,6400,female
P1057,7100,female
P0894,6900,female
P0727,7700,male
P0727,13900,male
P0482,7500,female
P0579,8800,female
P0865,10800,male
P0917,13100,female
P0190,8100,female
P0065,7600,male
P0175,8600,female
P0724,6400,female
P0827,13200,male
P0827,3200,male
P0638,8500,female
P0946,5600,female
P1075,3900,male
P0120,10300,female
P0240,15200,female
P1012,15600,male
P0173,8400,female
P0194,8000,female
P0508,8500,female
P0671,12600,female
P0688,1900,female
P0743,11100,female
P0796,8900,female
P0796,7800,female
P0250,3700,male
P0280,9600,female
P0622,4900,female
P0739,10200,female
P0851,7300,male
P1057,10400,female
P0332,11700,female
P0409,8600,male
P0816,6900,male
P0235,8300,male
P0288,8100,male
P1052,5400,female
P0906,7700,male
P0079,9600,female
P0084,9500,male
P0171,11300,female
P0220,14400,male
P0608,11300,male
P0608,15000,male
P0685,8100,female
P0110,14600,female
P1048,12200,female
P0491,6400,female
P0491,11600,female
P0162,6200,male
P0351,13300,female
P0671,8500,female
P0753,9500,male
P0120,8000,female
P0313,7500,female
P0851,15800,male
P0961,13500,female
P0961,12400,female
P0200,10500,female
P1055,12600,female
P0452,12400,female
P0807,15500,male
P0948,13000,female
P0393,9600,male
P1083,9600,female
P1083,8700,female
P0286,9100,female
P0508,9500,female
P0779,14200,female
P0906,2700,male
P0906,8000,male
P0064,9800,male
P0467,6100,male
P0467,15500,male
P0990,9500,male
P0656,6600,male
P0197,7400,female
P0650,13100,female
P0743,16300,female
P0935,9800,female
P0954,10600,female
P0806,7200,male
P0790,14500,female
P0680,12600,male
P0522,2700,male
P0408,8200,male
P0110,9500,female
P0445,6600,female
P0656,9400,male
P0963,6600,female
P0467,11400,male
P0735,11300,female
P0433,12900,female
P0467,11600,male
P0467,15400,male
P0964,9000,female
P0994,3300,male
P0994,10300,male
P1000,12400,female
P1086,8900,female
P0625,14800,female
P0796,13800,female
P0796,12000,female
P1055,10500,female
P0308,8500,female
P0284,9700,male
P0110,11800,female
P0796,13400,female
P0796,9300,female
P0902,7900,male
P0750,18300,male
P0141,11900,male
P0656,7300,male
P0625,13300,female
P0680,10500,male
P0284,12900,male
P1063,10400,male
P0492,10100,male
P0989,10500,male
P0110,11600,female
P0662,8300,male
P0708,8100,male
P0796,9600,female
P0004,10800,female
P0948,9200,female
P0141,11300,male
P0355,6700,male
P0743,5600,female
P1012,16400,male
P0280,11500,female
P0066,9000,male
P0755,9300,male
P0110,12800,female
P0276,9600,female
P0397,10900,female
P0467,9400,male
P0961,8600,female
P1015,12200,male
P1027,10700,male
P1027,14500,male
P0293,6600,female
P0485,9800,male
P0606,9600,male
P0680,6800,male
P0979,13500,female
P1060,9900,female
P0308,5700,female
P0743,8300,female
P0902,6700,male
P1133,13600,female
P0102,18500,female
P0154,8100,male
P0252,10000,male
P0264,11200,female
P0331,19100,female
P0342,2700,female
P0367,8600,female
P0396,6300,female
P0398,9500,female
P0476,9400,male
P0506,7900,female
P0513,16200,female
P0526,11100,male
P0566,18000,female
P0609,12900,female
P0614,6100,female
P0669,7800,female
P0798,11100,female
P0807,8400,male
P0830,11400,female
P0916,12600,male
P0918,11600,female
P1000,9800,female
P1042,8200,female
P1044,6100,female
P1057,11400,female
P1066,13200,female
P1078,10000,male
P0115,12700,male
P0156,17500,female
P0193,16500,female
P0197,8600,female
P0788,12000,female
P0954,8000,female
P0964,12500,female
P0141,10100,male
P0839,11200,female
P0068,7500,male
P0381,14200,male
P0500,10000,female
P0659,8800,female
P0659,10000,female
P0659,10500,female
P0913,15600,male
P0063,6600,male
P0380,18200,male
P0450,7700,female
P0983,10800,male
P0093,3600,female
P0294,8100,male
P0602,12600,female
P0770,11900,male
P0018,11600,male
P0467,8700,male
P0694,4300,male
P0975,6800,female
P0975,9500,female
P0536,12300,female
P1086,13000,female
P0182,9300,female
P0549,9800,female
P0284,9700,male
P0393,10400,male
P0482,15200,female
P0953,7900,female
P0650,9600,female
P0288,10500,male
P1093,5900,male
P0073,7300,female
P0434,10900,male
P0791,11600,male
P0899,14000,female
P1053,8700,male
P0173,15000,female
P0435,7400,female
P0727,5100,male
P0857,3900,female
P0865,13800,male
P0943,11200,female
P0943,9800,female
P0943,9300,female
P0943,15400,female
P0122,14200,female
P0139,7000,male
P0299,5700,female
P0327,13800,female
P0393,12100,male
P0449,8600,female
P0452,11500,female
P0459,3700,male
P0482,8100,female
P0521,11700,female
P0560,10000,female
P0582,6100,female
P0583,13500,female
P0705,14000,male
P0706,7200,male
P0714,9600,female
P0794,12600,female
P0865,13100,male
P1019,8500,female
P1076,7400,female
P1085,11400,female
P0032,4000,female
P0117,7200,male
P0152,12800,male
P0160,4700,male
P0176,6300,female
P0373,9500,female
P0519,9300,female
P0625,4500,female
P0678,11900,female
P0815,6900,female
P0528,9700,female
P0750,9600,male
P1053,12500,male
P0294,10000,male
P0578,9800,female
P0692,15600,female
P0796,11500,female
P0796,12300,female
P0824,11800,female
P1013,12100,male
P0411,14600,male
P1004,10100,male
P1092,11000,male
P0066,16700,male
P0510,8500,female
P0680,14400,male
P0726,8300,male
P0096,15800,female
P0331,8100,female
P0351,7600,female
P0476,13600,male
P0513,13400,female
P0566,12000,female
P0669,11100,female
P0685,11000,female
P0787,16900,female
P0398,5600,female
P0475,7000,female
P0606,6100,male
P0638,13400,female
P0640,9500,male
P0640,9800,male
P0963,16000,female
P1049,8400,male
P1070,16800,female
P0467,5700,male
P0580,14500,female
P1006,11300,male
P0445,9000,female
P0445,9700,female
P0664,14600,male
P0668,15800,female
P0686,4800,female
P0787,20000,female
P0152,18600,male
P0253,8500,male
P0547,10000,female
P0620,8100,female
P0679,9900,female
P0692,12700,female
P0715,10600,female
P0816,10900,male
P0973,15100,female
P0284,3100,male
P0660,8700,female
P0141,10700,male
P0294,7700,male
P0355,13700,male
P0356,8800,male
P0356,8900,male
P0606,14100,male
P0642,13000,female
P0093,9800,female
P0158,9200,female
P0245,5500,female
P0386,8000,male
P0441,18700,female
P0857,10100,female
P0100,13200,male
P0583,9700,female
P0706,12200,male
P0714,10100,female
P0849,14700,male
P0856,8600,male
P0956,4700,female
P0110,13200,female
P0550,9500,female
P0923,15000,female
P0923,10700,female
P0037,15000,female
P0118,11400,female
P0475,9100,female
P0720,12600,male
P0775,8800,female
P0810,15700,female
P0823,10700,male
P0950,3700,female
P1049,8700,male
P0041,4900,male
P0599,3200,male
P0664,10400,male
P0743,12400,female
P0877,7800,female
P1052,5900,female
P0094,8300,female
P0126,5200,female
P0203,12500,male
P0274,12100,female
P0384,5100,female
P0539,8200,male
P0549,13700,female
P0599,9700,male
P0665,10300,male
P0678,11600,female
P0966,12300,male
P0032,14200,female
P0032,12800,female
P0073,5800,female
P0117,9100,male
P0152,11200,male
P0160,9900,male
P0163,3200,female
P0176,7800,female
P0298,13500,male
P0519,10800,female
P0644,5500,female
P0671,11000,female
P0678,9700,female
P0721,12400,male
P0730,17100,male
P0756,5300,female
P0815,8600,female
P0836,9800,female
P0860,3300,male
P0956,10100,female
P0980,8300,female
P0996,17500,male
P1013,800,male
P0127,15100,male
P0289,13500,male
P0337,12600,male
P0360,10700,male
P0435,7900,female
P0633,13800,female
P0745,7400,female
P0771,12500,male
P0875,11600,male
P0985,13700,female
P1004,8300,male
P0680,8400,male
P0725,11200,male
P0797,11200,male
P0112,14700,female
P0196,11800,female
P0293,10700,female
P0293,13000,female
P0373,8500,female
P0398,13800,female
P0412,6900,male
P0520,11300,female
P0586,4700,female
P0605,11100,male
P0612,5200,female
P0633,9500,female
P0643,4500,female
P0661,8200,female
P0698,7700,male
P0704,12100,male
P0723,8400,male
P0784,7800,male
P0785,14200,male
P0877,15700,female
P0951,13800,female
P0959,5400,female
P1053,14400,male
P1053,6300,male
P1053,10000,male
P1082,12600,female
P0640,9600,male
P0851,9800,male
P0349,10700,male
P0470,11600,male
P0790,11600,female
P0622,4600,female
P0622,9700,female
P0159,11200,female
P0100,12200,male
P0676,9200,female
P1052,8000,female
P0332,5800,female
P0046,7900,male
P0063,9900,male
P0130,8200,female
P0141,12200,male
P0170,11400,male
P0444,5000,female
P0943,11300,female
P1019,12000,female
P1050,9400,male
P0267,10200,male
P0553,8800,female
P0066,9300,male
P0671,7000,female
P0743,11600,female
P0041,6300,male
P1011,8300,male
P0252,7300,male
P0346,7400,female
P0706,9100,male
P1083,8700,female
P0083,8000,female
P0337,9400,male
P0384,5100,female
P0603,10600,female
P0645,12300,female
P0666,6100,female
P0851,5700,male
P0857,17500,female
P0863,11000,female
P0863,10400,female
P0868,9600,male
P0322,11900,female
P0197,10400,female
P0197,8500,female
P0827,8800,male
P0827,9100,male
P0950,9200,female
P0141,7800,male
P0522,13700,male
P0996,10600,male
P0018,7700,male
P0104,12200,female
P0149,11400,male
P0158,9800,female
P0351,11600,female
P0796,7300,female
P0796,9600,female
P1084,7000,female
P0450,6400,female
P0983,9200,male
P1027,10800,male
P1027,7300,male
P0267,9700,male
P0384,4300,female
P0429,8800,female
P0978,14100,female
P0044,6500,female
P0110,6400,female
P0288,9500,male
P0386,12000,male
P0705,14300,male
P0018,18900,male
P0662,12900,male
P0141,12400,male
P0167,16800,female
P0331,9300,female
P0342,9600,female
P0476,11100,male
P0506,5600,female
P0513,4300,female
P0566,16100,female
P0614,8400,female
P0916,8800,male
P1042,7000,female
P1044,10700,female
P1066,12200,female
P1078,9500,male
P0071,10300,female
P0550,13300,female
P0899,10200,female
P0950,8400,female
P0012,10100,female
P0079,7500,female
P0197,10600,female
P0203,7300,male
P0264,14800,female
P0526,2200,male
P0599,11600,male
P0706,8700,male
P0836,16700,female
P0911,9500,female
P1083,11800,female
P0118,11500,female
P0346,11100,female
P0122,11900,female
P0250,16700,male
P0500,13300,female
P0362,10900,male
P0491,16100,female
P0536,12100,female
P0688,12400,female
P0216,14300,female
P0234,10800,female
P0602,12600,female
P0294,9400,male
P0452,10700,female
P0671,10400,female
P0743,8200,female
P1060,16900,female
P1086,8400,female
P1092,9100,male
P0024,14600,female
P0059,10200,female
P0060,14000,female
P0062,8300,male
P0083,10200,female
P0094,9400,female
P0108,7100,female
P0113,9300,female
P0126,8100,female
P0178,13000,male
P0199,9300,male
P0204,10000,female
P0233,7600,male
P0253,10900,male
P0274,5000,female
P0274,700,female
P0290,16400,male
P0319,12700,female
P0321,12300,female
P0337,3000,male
P0347,12500,female
P0385,11900,female
P0394,10000,male
P0422,12900,male
P0429,13900,female
P0480,9900,female
P0539,16600,male
P0547,13500,female
P0573,14200,female
P0599,9200,male
P0620,9800,female
P0628,7300,female
P0645,11600,female
P0665,11100,male
P0719,10500,female
P0769,8000,female
P0788,9500,female
P0791,16700,male
P0816,7200,male
P0838,8900,female
P0842,5700,male
P0847,6200,male
P0863,9300,female
P0904,9000,female
P0910,8200,female
P0923,7700,female
P0929,9600,female
P0935,13900,female
P0941,9100,female
P0966,6100,male
P0973,6800,female
P0987,3700,female
P1023,4700,female
P1079,7800,male
P0089,7100,female
P0109,6500,female
P0169,16700,male
P0197,15900,female
P0252,18600,male
P0289,12800,male
P0299,9700,female
P0568,6900,male
P0747,6700,female
P0851,8600,male
P0881,14400,male
P0979,12400,female
P0995,13100,female
P1000,9600,female
P1015,5200,male
P1120,11300,female
P1120,9600,female
P1120,9300,female
P1120,17300,female
P1120,13100,female
P0467,9500,male
P1063,4100,male
P1063,9300,male
P0381,13500,male
P0692,11500,female
P0982,11100,female
P0467,13600,male
P0553,9700,female
P0810,9100,female
P1092,9400,male
P0032,12600,female
P0032,9400,female
P0117,12700,male
P0136,6300,male
P0152,6100,male
P0163,10700,female
P0176,12700,female
P0519,8900,female
P0581,8400,female
P0628,1000,female
P0644,11500,female
P0678,7300,female
P0721,11600,male
P0730,14900,male
P0756,8600,female
P0830,12500,female
P0836,9800,female
P0860,11400,male
P0956,6500,female
P0980,11600,female
P0996,14500,male
P1013,16100,male
P1015,6400,male
P1017,12000,male
P1071,8600,female
P0046,11900,male
P0115,9700,male
P0340,9400,female
P0421,12500,male
P0902,12700,male
P0056,11200,female
P0505,11800,female
P0505,11500,female
P0775,11200,female
P0851,10500,male
P0671,13200,female
P0851,12600,male
P1057,12800,female
P0245,13800,female
P0857,12000,female
P0045,9800,female
P0252,6700,male
P0326,8700,female
P0650,7400,female
P0851,9300,male
P0062,8500,male
P0235,9600,male
P0706,6900,male
P0909,8200,female
P0913,11400,male
P0950,10900,female
P0173,8900,female
P0076,13500,female
P0356,4900,male
P0439,11800,female
P0954,15400,female
P0104,8900,female
P0992,11500,female
P0560,8400,female
P0994,10200,male
P1086,12900,female
P0159,7300,female
P0694,8400,male
P0505,12000,female
P0519,11600,female
P0467,12900,male
P0995,14300,female
P0170,12800,male
P0294,6700,male
P0715,10700,female
P0102,9000,female
P0170,10200,male
P0221,13200,male
P0331,11100,female
P0556,10800,female
P0557,9900,male
P0563,11500,female
P0851,6400,male
P0173,8900,female
P0668,15500,female
P0133,12300,female
P0873,7100,female
P0632,6300,female
P0380,7100,male
P0482,12100,female
P0640,11700,male
P0640,8400,male
P0902,9100,male
P0110,13400,female
P0110,9300,female
P0381,10100,male
P0445,11400,female
P0445,9700,female
P0796,7900,female
P0851,8900,male
P0966,6700,male
P1092,11800,male
P0691,14600,female
P0770,11000,male
P0851,12900,male
P0727,8100,male
P0035,9800,female
P0384,9800,female
P0705,5600,male
P0743,10500,female
P0830,11800,female
P1080,12500,female
P1088,14500,female
P0100,5500,male
P0377,12300,female
P0493,12600,female
P0625,9600,female
P1004,12200,male
P1011,5700,male
P0115,10900,male
P0975,500,female
P1093,11300,male
P0141,15500,male
P0309,15300,female
P0341,1600,female
P0018,12000,male
P0743,9100,female
P0824,10200,female
P0084,3000,male
P0841,11500,male
P0851,8500,male
P0622,11500,female
P0018,9600,male
P0851,6900,male
P0851,11300,male
P0839,12200,female
P0003,10400,female
P0018,12100,male
P1017,8700,male
P1092,14400,male
P0042,9100,male
P0042,8400,male
P0171,13600,female
P0883,13900,male
P0883,12500,male
P0883,11000,male
P0853,15400,male
P0110,7000,female
P0467,13900,male
P0950,15800,female
P0148,10400,male
P0298,12200,male
P0948,12200,female
P1025,14100,male
P0352,7500,male
P0508,13200,female
P0671,4700,female
P0676,17000,female
P0750,8400,male
P0851,9200,male
P0985,11100,female
P1035,6200,female
P0286,9400,female
P0499,10400,female
P0003,9100,female
P0162,16800,male
P0162,4400,male
P0120,9900,female
P0013,14100,female
P0452,7500,female
P0472,9800,male
P0771,16600,male
P0807,4200,male
P1025,7600,male
P1092,6400,male
P0824,12300,female
P0983,7400,male
P0378,11800,female
P0568,8200,male
P0747,9800,female
P0902,13000,male
P0037,10700,female
P0045,3900,female
P0096,8500,female
P0104,12600,female
P0118,16300,female
P0156,6600,female
P0182,9500,female
P0268,10000,male
P0278,7900,female
P0278,5800,female
P0278,16200,female
P0299,15100,female
P0434,5700,male
P0479,4100,female
P0732,9300,female
P0735,11600,female
P0778,9800,male
P0779,13900,female
P0796,9400,female
P0796,6500,female
P0926,15200,male
P1075,9500,male
P1048,9300,female
P0003,9400,female
P0521,10400,female
P0499,2700,female
P0499,12500,female
P0996,12600,male
P0750,12300,male
P0983,8900,male
P0003,10600,female
P0003,5600,female
P0220,11400,male
P0280,7600,female
P0458,14500,male
P0458,7200,male
P0593,3600,female
P0743,10800,female
P0753,5000,male
P0781,7200,male
P0781,12900,male
P0209,16300,female
P0250,9400,male
P1027,13400,male
P0194,5800,female
P0806,15900,male
P0044,10200,female
P0415,7700,female
P0685,11500,female
P0851,7600,male
P0790,10400,female
P0790,10600,female
P0660,14000,female
P0650,8400,female
P0983,9000,male
P1012,10700,male
P0873,13200,female
P0953,16400,female
P0953,15400,female
P0313,13400,female
P0418,4100,male
P0220,13300,male
P0671,12700,female
P0992,8000,female
P0194,8400,female
P0013,5800,female
P0021,10200,male
P0037,10500,female
P0045,4600,female
P0096,5100,female
P0104,10800,female
P0118,6900,female
P0156,9300,female
P0182,13500,female
P0268,8900,male
P0278,10700,female
P0278,12300,female
P0278,6600,female
P0299,14300,female
P0434,13200,male
P0479,14400,female
P0556,8900,female
P0556,5500,female
P0732,11900,female
P0735,12300,female
P0778,18500,male
P0779,15800,female
P0791,8700,male
P0796,7000,female
P0796,12300,female
P0926,16700,male
P0988,6400,male
P1075,7700,male
P0917,15900,female
P1025,16200,male
P0664,10900,male
P1070,5000,female
P0093,8500,female
P0003,14000,female
P0071,17200,female
P0175,10200,female
P0221,8200,male
P0557,11200,male
P0563,10700,female
P0173,7300,female
P0725,12200,male
P0806,14800,male
P0743,10300,female
P1083,12300,female
P1083,11100,female
P0294,11800,male
P0122,9600,female
P0406,14100,male
P0796,11000,female
P0796,8600,female
P0593,12300,female
P0851,13400,male
P0492,10000,male
P0989,1500,male
P0093,15600,female
P0233,7800,male
P0294,9100,male
P0948,15500,female
P0983,4100,male
P0807,6700,male
P0902,7800,male
P0982,6000,female
P0004,13800,female
P0806,14400,male
P0868,11900,male
P1027,8800,male
P1048,8900,female
P1052,8400,female
P0499,8500,female
P0499,11800,female
P0499,13200,female
P0499,8800,female
P0499,11300,female
P0182,2500,female
P0190,10500,female
P0267,7400,male
P0294,13800,male
P0452,14100,female
P1075,3100,male
P0280,13200,female
P0660,8400,female
P0922,9700,male
P0190,13200,female
P0475,12500,female
P0691,7600,female
P0902,11300,male
P0018,8700,male
P0671,14300,female
P0100,5100,male
P0622,12900,female
P0622,14800,female
P0739,1800,female
P0851,12400,male
P0044,9100,female
P0105,10600,female
P0452,9400,female
P0500,12500,female
P0830,13300,female
P0360,12200,male
P0676,9900,female
P0743,8900,female
P0499,9800,female
P0021,9500,male
P0037,10900,female
P0045,7600,female
P0096,12100,female
P0104,7000,female
P0118,5400,female
P0156,11100,female
P0182,11600,female
P0268,13600,male
P0278,12600,female
P0278,11000,female
P0278,12500,female
P0299,7100,female
P0434,6500,male
P0479,6300,female
P0732,10400,female
P0735,12400,female
P0778,13200,male
P0779,15100,female
P0796,11300,female
P0796,9800,female
P0926,8100,male
P0988,11100,male
P1075,10000,male
P0857,9200,female
P0120,8000,female
P0824,7000,female
P0003,7100,female
P0048,15000,male
P0048,11100,male
P0406,8900,male
P0465,5100,male
P1057,10900,female
P0149,8600,male
P0378,10000,female
P0378,9600,female
P0441,12800,female
P0568,10000,male
P0568,9700,male
P0747,18000,female
P0747,13800,female
P0280,10700,female
P0047,7900,male
P0079,14100,female
P0220,7200,male
P0505,10100,female
P0608,13000,male
P1083,8900,female
P1083,9100,female
P1083,11700,female
P0386,10700,male
P1060,9400,female
P1092,9600,male
P0171,11100,female
P0851,11800,male
P0175,14500,female
P0410,8900,male
P0593,14500,female
P0686,5500,female
P1027,8200,male
P0650,5900,female
P0841,11300,male
P1073,11600,male
P0240,5800,female
P0240,10400,female
P0434,7300,male
P0790,11900,female
P0790,5200,female
P0724,13100,female
P1060,10100,female
P0044,6900,female
P0110,10000,female
P0851,9400,male
P0066,9100,male
P0926,5400,male
P0991,8300,female
P0065,9700,male
P0109,5400,female
P0190,11200,female
P0452,14700,female
P0743,12800,female
P0824,7700,female
P0851,8100,male
P0133,8700,female
P0175,12200,female
P0194,10100,female
P0522,7200,male
P0802,5300,female
P0362,12100,male
P0671,6900,female
P0743,11900,female
P0995,10500,female
P1092,12600,male
P0355,13800,male
P0688,5600,female
P0775,13600,female
P0902,12500,male
P1075,9300,male
P0194,10200,female
P0267,11800,male
P0452,12400,female
P0810,4700,female
P0851,15000,male
P0948,5700,female
P0851,3500,male
P0066,13400,male
P0003,5300,female
P0340,9500,female
P0851,5900,male
P0286,4400,female
P0735,8800,female
P0779,12400,female
P1075,11300,male
P0593,8200,female
P0593,10200,female
P0851,9900,male
P0408,10200,male
P0411,8800,male
P0790,11400,female
P0035,6700,female
P0171,11500,female
P0086,9100,female
P0790,9200,female
P0790,12500,female
P0175,8900,female
P0467,7000,male
P0467,6300,male
P0950,12400,female
P0200,2700,female
P0445,8900,female
P0110,10800,female
P0743,5800,female
P0189,10300,male
P0159,12400,female
P0190,4300,female
P0708,7400,male
P0851,16000,male
P0876,8100,male
P0876,7100,male
P0876,7500,male
P1058,8800,female
P1058,10900,female
P0662,8000,male
P0452,10900,female
P0622,12500,female
P0750,11300,male
P1093,12700,male
P0326,7600,female
P0410,9900,male
P0686,12400,female
P0796,10400,female
P0796,10900,female
P0194,10400,female
P0518,10800,male
P1015,10200,male
P0638,6700,female
P0104,10800,female
P0735,8800,female
P0779,14900,female
P0855,8500,male
P1075,10700,male
P0775,3800,female
P0851,8100,male
P0337,7600,male
P0110,14300,female
P0115,9800,male
P0171,10700,female
P0593,11200,female
P0827,8500,male
P0827,11200,male
P0806,15100,male
P0175,12300,female
P0194,12600,female
P0003,7500,female
P0824,10800,female
P0950,11200,female
P0216,8100,female
P0521,10600,female
P1080,16700,female
P0671,7100,female
P0671,12000,female
P0743,6800,female
P0995,11400,female
P0555,6900,male
P0650,12200,female
P0982,6100,female
P1027,10300,male
P1058,14600,female
P0367,9500,female
P0482,9900,female
P0851,14800,male
P0141,16900,male
P0194,18300,female
P0452,9000,female
P0528,6800,female
P0104,12400,female
P0118,11700,female
P0735,14400,female
P0779,10700,female
P0790,10800,female
P0855,15200,male
P1075,10800,male
P0194,12500,female
P0003,11800,female
P0851,10100,male
P1070,8500,female
P0171,9200,female
P0521,3900,female
P0727,14400,male
P0727,5100,male
P0110,8300,female
P0332,9000,female
P0660,14200,female
P0021,10400,male
P0120,13300,female
P0194,9300,female
P0380,15700,male
P0380,11800,male
P0378,12000,female
P0568,13100,male
P0692,5400,female
P0747,10200,female
P1092,10900,male
P0978,7800,female
P0475,10300,female
P1083,7900,female
P1083,11000,female
P0299,4400,female
P0606,11200,male
P0668,8200,female
P0445,13300,female
P0750,3800,male
P0692,10400,female
P0995,9500,female
P1015,13300,male
P1092,5100,male
P0727,8500,male
P0727,12600,male
P0194,12200,female
P0046,11400,male
P0047,11200,male
P0068,4800,male
P0133,13000,female
P0146,11000,male
P0190,4400,female
P0360,9700,male
P0743,13300,female
P1025,12500,male
P1027,8200,male
P0035,13200,female
P0045,9000,female
P0096,11500,female
P0104,13300,female
P0118,11500,female
P0139,8100,male
P0452,12900,female
P0479,15100,female
P0735,7200,female
P0779,9700,female
P0855,13500,male
P1075,7500,male
P0003,4700,female
P0171,8600,female
P0839,13700,female
P0790,5800,female
P0790,9400,female
P0602,13400,female
P0824,10400,female
P0851,12100,male
P0216,15500,female
P0220,13200,male
P0851,12200,male
P0362,11800,male
P0568,6500,male
P0747,13000,female
P0841,12000,male
P0252,11600,male
P0169,10400,male
P0200,6100,female
P0340,10700,female
P0475,14300,female
P0593,8300,female
P0671,4400,female
P0902,16200,male
P0995,8400,female
P0065,14000,male
P0830,12300,female
P0830,15600,female
P1012,10100,male
P0536,9300,female
P0992,15900,female
P0110,17300,female
P0194,11300,female
P0622,10800,female
P0841,12700,male
P0346,8100,female
P0459,11900,male
P0743,7000,female
P0806,9300,male
P1080,12800,female
P0182,7800,female
P0452,13000,female
P0045,11900,female
P0096,14900,female
P0104,17300,female
P0118,8400,female
P0159,11500,female
P0299,15300,female
P0479,10900,female
P0708,8100,male
P0735,7000,female
P0779,14800,female
P0855,18700,male
P0948,6800,female
P0948,10600,female
P1075,5200,male
P0013,10500,female
P0175,9300,female
P0575,10200,male
P1073,19700,male
P0171,5700,female
P0797,11700,male
P0003,16200,female
P0209,8300,female
P0685,7600,female
P0922,10400,male
P1057,14500,female
P0110,9100,female
P0522,6900,male
P0522,10500,male
P0593,3700,female
P0410,5500,male
P0555,13800,male
P0686,11700,female
P0720,3200,male
P0807,12300,male
P0470,2800,male
P0760,8800,male
P0760,11200,male
P0760,5600,male
P0760,14400,male
P1027,14200,male
P1087,8100,female
P0175,13900,female
P0796,10900,female
P0796,12400,female
P0619,12400,female
P0619,6100,female
P0018,3700,male
P0013,17400,female
P0199,11000,male
P0199,11500,male
P0199,6400,male
P0199,13900,male
P0199,16200,male
P0199,15200,male
P0199,3700,male
P0122,6900,female
P0190,10600,female
P0194,12500,female
P0360,8500,male
P0841,7500,male
P1015,11000,male
P0012,7200,female
P0326,16900,female
P0720,4300,male
P0979,11900,female
P1049,3800,male
P0743,8600,female
P0045,15100,female
P0096,13900,female
P0104,5700,female
P0118,5500,female
P0288,10400,male
P0299,7200,female
P0479,11600,female
P0671,7100,female
P0735,5000,female
P0779,8900,female
P0796,6300,female
P0796,13800,female
P0855,9200,male
P1075,10100,male
P0638,14700,female
P0824,16300,female
P0953,10100,female
P0953,11300,female
P0171,14500,female
P0182,9700,female
P0046,6900,male
P0120,13500,female
P0475,5300,female
P1080,9500,female
P0409,8900,male
P0194,8600,female
P0216,1300,female
P0452,8300,female
P0018,14400,male
P0340,8700,female
P0668,8200,female
P0909,8100,female
P0950,7400,female
P0995,10700,female
P1027,12200,male
P0115,15000,male
P0193,5200,female
P0220,11500,male
P0790,9800,female
P0790,11200,female
P0851,6900,male
P0876,10400,male
P0911,6500,female
P0806,12400,male
P0720,7200,male
P1049,10500,male
P1058,3300,female
P1088,11300,female
P0632,13900,female
P0337,12700,male
P0376,13700,female
P0521,5800,female
P0948,9700,female
P0076,10000,female
P0194,12600,female
P0593,9700,female
P0727,9600,male
P0727,15700,male
P0743,13800,female
P0851,4500,male
P0475,9000,female
P0182,7000,female
P0472,19900,male
P0120,8600,female
P0171,14000,female
P0045,10600,female
P0096,10600,female
P0104,11900,female
P0118,9800,female
P0278,13000,female
P0278,12100,female
P0278,4800,female
P0299,8400,female
P0479,8500,female
P0735,8600,female
P0779,13700,female
P0796,15100,female
P0796,7300,female
P1075,12000,male
P0578,6400,female
P1027,8400,male
P1080,11200,female
P0013,9600,female
P0220,8000,male
P0283,6200,female
P0283,9200,female
P0650,10400,female
P0035,12100,female
P0093,7400,female
P0267,12200,male
P0294,6500,male
P0906,8500,male
P0906,11700,male
P1093,8000,male
P0851,7700,male
P0452,10100,female
P0671,10400,female
P0216,13300,female
P0445,9500,female
P0851,4700,male
P1070,8100,female
P0109,8200,female
P0293,7200,female
P0004,11300,female
P0286,18400,female
P0362,12800,male
P0577,9700,female
P0522,11900,male
P0522,14900,male
P0079,9200,female
P0289,12400,male
P0983,12100,male
P0169,9900,male
P0610,10400,female
P0946,12400,female
P1083,10200,female
P1083,9100,female
P0018,8300,male
P0743,11200,female
P0851,10100,male
P0902,9000,male
P0018,10800,male
P0410,7700,male
P0686,7600,female
P1048,14700,female
P0045,7400,female
P0096,11300,female
P0104,7100,female
P0118,9500,female
P0278,11500,female
P0278,7000,female
P0278,12200,female
P0299,11000,female
P0434,9200,male
P0479,11000,female
P0735,10500,female
P0778,7500,male
P0779,5700,female
P0796,10600,female
P0796,7000,female
P1075,10100,male
P0876,4900,male
P0194,7200,female
P0141,11100,male
P0182,13600,female
P0688,10800,female
P0084,7000,male
P0853,8900,male
P1057,13800,female
P0351,11900,female
P0294,12800,male
P0982,13500,female
P1027,11500,male
P0806,13900,male
P0475,7100,female
P1080,11200,female
P0332,9100,female
P0452,10900,female
P0824,14600,female
P0093,11900,female
P0294,8200,male
P0294,9100,male
P0720,7200,male
P0397,10000,female
P0876,8600,male
P0902,12800,male
P0528,8600,female
P0487,12600,male
P1052,12600,female
P0472,8800,male
P0593,14900,female
P0857,10300,female
P0891,8100,male
P1055,10500,female
P1057,7000,female
P0412,12400,male
P1084,7300,female
P0112,14500,female
P0189,3500,male
P0196,6600,female
P0586,9200,female
P0951,8000,female
P1053,14600,male
P1082,10100,female
P0141,11400,male
P0021,12500,male
P0037,10700,female
P0045,13400,female
P0045,11700,female
P0096,12500,female
P0104,5400,female
P0118,6600,female
P0156,3000,female
P0182,9400,female
P0268,14900,male
P0278,7100,female
P0278,11300,female
P0278,11700,female
P0299,11000,female
P0434,9300,male
P0479,8200,female
P0732,8200,female
P0735,10300,female
P0778,14500,male
P0779,7700,female
P0796,9900,female
P0796,10600,female
P0926,12800,male
P0988,9500,male
P0894,12300,female
P0550,5400,female
P0550,12600,female
P1071,10600,female
P0003,6700,female
P0605,2700,male
P0723,9100,male
P0120,12400,female
P0452,11300,female
P0079,9100,female
P0169,10400,male
P0351,10800,female
P0788,7800,female
P0991,10400,female
P0393,10600,male
P0482,7900,female
P0756,10900,female
P0004,11300,female
P0159,12000,female
P0492,12600,male
P0708,11600,male
P0708,11200,male
P0989,9900,male
P1027,11700,male
P0245,6100,female
P0307,12400,female
P0743,8500,female
P0851,17800,male
P1075,8300,male
P1080,900,female
P0650,14700,female
P0906,8300,male
P0298,12200,male
P0806,11000,male
P0386,13800,male
P0393,7300,male
P0482,6400,female
P0109,13700,female
P0220,7100,male
P0790,5300,female
P0790,12800,female
P1035,10000,female
P1080,17700,female
P0452,11400,female
P0495,9100,female
P0698,8200,male
P0294,15700,male
P0963,6300,female
P0093,12300,female
P0393,12100,male
P0482,8400,female
P1027,15200,male
P0175,7800,female
P0593,10200,female
P0743,11500,female
P0827,17800,male
P0827,12200,male
P1080,15900,female
P1083,7900,female
P0013,4600,female
P0948,13100,female
P0948,5000,female
P0021,5900,male
P0037,12200,female
P0045,10100,female
P0045,13000,female
P0096,14900,female
P0104,13200,female
P0118,11500,female
P0156,12000,female
P0169,10700,male
P0182,15800,female
P0268,10400,male
P0278,12900,female
P0278,7200,female
P0278,10400,female
P0286,3800,female
P0299,10700,female
P0434,5400,male
P0479,9800,female
P0732,9500,female
P0732,13400,female
P0735,8200,female
P0778,8100,male
P0779,3800,female
P0796,12300,female
P0796,13800,female
P0926,9500,male
P0988,15100,male
P0194,8900,female
P0194,7000,female
P0660,11000,female
P0003,12500,female
P0133,5400,female
P0190,4900,female
P0190,10400,female
P0276,11800,female
P0373,2600,female
P0756,4700,female
P0066,11300,male
P0367,13100,female
P0784,9000,male
P0785,14200,male
P1063,8300,male
P0284,9700,male
P0824,14600,female
P0406,10000,male
P0487,10300,male
P0518,7300,male
P0720,10500,male
P1049,8200,male
P0035,4400,female
P0110,7100,female
P0220,9500,male
P0408,10800,male
P0613,13700,female
P0650,10400,female
P0410,9800,male
P0656,13800,male
P0656,18100,male
P0656,10000,male
P0656,14100,male
P0656,11800,male
P0656,10000,male
P0656,4000,male
P0686,7100,female
P0068,8400,male
P0797,6600,male
P0851,6500,male
P1025,8900,male
P1027,13300,male
P0267,7300,male
P0286,10600,female
P0720,9600,male
P0727,12800,male
P0906,10400,male
P0622,9700,female
P0120,8400,female
P0200,13100,female
P0743,14000,female
P1080,10300,female
P0676,20000,female
P0824,10200,female
P1015,19800,male
P1092,9800,male
P0021,5100,male
P0037,5600,female
P0045,7400,female
P0045,15100,female
P0096,15800,female
P0118,11500,female
P0156,11300,female
P0173,8500,female
P0182,8100,female
P0268,7900,male
P0278,7400,female
P0278,8500,female
P0278,8200,female
P0299,12000,female
P0421,12800,male
P0434,15500,male
P0479,2300,female
P0732,11900,female
P0732,9200,female
P0735,9400,female
P0778,4900,male
P0779,10100,female
P0796,7700,female
P0796,11400,female
P0855,6600,male
P0926,20000,male
P0988,7700,male
P1075,9300,male
P0911,6300,female
P0662,9200,male
P0750,17200,male
P0876,9000,male
P0003,12200,female
P0445,7200,female
P0013,15200,female
P0110,11800,female
P0115,7900,male
P0995,11000,female
P0175,9000,female
P0175,11900,female
P0194,7600,female
P0593,11800,female
P0593,15400,female
P0906,14400,male
P0139,11200,male
P0175,11300,female
P0194,11600,female
P0004,13200,female
P0156,11500,female
P0593,12200,female
P0810,12300,female
P1008,11000,male
P1057,12600,female
P0487,10400,male
P1087,13500,female
P0487,8900,male
P0650,10900,female
P0694,10400,male
P1025,6800,male
P1058,14100,female
P0093,6500,female
P0216,14500,female
P0294,6800,male
P0475,7100,female
P1049,13000,male
P1080,10000,female
P0013,4300,female
P0141,15100,male
P0175,2200,female
P0398,8000,female
P0685,5300,female
P0851,8400,male
P0593,10500,female
P0021,9200,male
P0037,8400,female
P0045,9700,female
P0045,11100,female
P0076,7500,female
P0096,3500,female
P0156,7200,female
P0182,4100,female
P0268,12300,male
P0278,16300,female
P0278,6500,female
P0278,7400,female
P0434,7400,male
P0479,12800,female
P0732,10400,female
P0732,11800,female
P0735,12800,female
P0778,11100,male
P0779,11700,female
P0796,6500,female
P0796,10000,female
P0855,8200,male
P0926,6000,male
P0988,6500,male
P1075,13300,male
P0806,6000,male
P0313,8900,female
P0982,13400,female
P1083,11300,female
P1083,12400,female
P0003,11300,female
P0521,9800,female
P0996,3100,male
P0705,8300,male
P0120,5800,female
P0115,9000,male
P0220,16900,male
P0743,10700,female
P0824,7900,female
P0378,13100,female
P0568,11800,male
P0625,10000,female
P0747,9500,female
P0452,9800,female
P0841,10000,male
P1027,12300,male
P0175,10700,female
P0110,8200,female
P0380,13000,male
P0610,8000,female
P0727,14500,male
P0727,7100,male
P0841,12700,male
P1070,14300,female
P0750,14200,male
P0013,9900,female
P0499,12500,female
P0906,3300,male
P0280,11700,female
P0190,9900,female
P0190,12200,female
P0190,10600,female
P0190,14500,female
P0190,9700,female
P0380,12600,male
P0743,9900,female
P1025,12400,male
P0283,6200,female
P0021,12200,male
P0037,9000,female
P0045,11500,female
P0076,7400,female
P0156,12000,female
P0182,20000,female
P0268,15300,male
P0278,13400,female
P0278,8200,female
P0278,11300,female
P0434,9700,male
P0732,3800,female
P0732,9500,female
P0735,9200,female
P0778,10000,male
P0779,8500,female
P0796,12400,female
P0796,16500,female
P0855,14000,male
P0926,12400,male
P0988,10400,male
P1075,10500,male
P0806,14000,male
P0953,14400,female
P0953,8300,female
P0110,13300,female
P0790,6400,female
P0790,6400,female
P0034,15400,female
P0216,10400,female
P0452,10400,female
P0475,13400,female
P0556,9600,female
P0556,7500,female
P0720,10700,male
P1027,4700,male
P1049,8700,male
P1057,9700,female
P1080,5600,female
P0093,10900,female
P0175,7900,female
P0902,13900,male
P0141,9300,male
P0487,6700,male
P0522,11000,male
P0522,10100,male
P0193,10400,female
P0410,11000,male
P0536,9000,female
P0622,9200,female
P0686,12400,female
P0459,15500,male
P0851,4000,male
P1025,9800,male
P0475,13400,female
P0851,6400,male
P0992,14000,female
P1049,9000,male
P0593,12600,female
P0743,15000,female
P1073,13200,male
P0948,14200,female
P0948,3100,female
P0021,6100,male
P0037,12100,female
P0045,7300,female
P0076,8500,female
P0084,14700,male
P0104,10600,female
P0156,10400,female
P0182,9500,female
P0268,5100,male
P0278,4100,female
P0278,9500,female
P0278,11400,female
P0434,6000,male
P0508,4400,female
P0619,14400,female
P0619,11900,female
P0732,11800,female
P0732,13200,female
P0735,12100,female
P0778,6800,male
P0779,14300,female
P0796,6100,female
P0796,8700,female
P0855,11300,male
P0926,11200,male
P0988,12200,male
P1075,13100,male
P0288,7600,male
P0433,6100,female
P0806,6500,male
P0708,12100,male
P0708,8700,male
P0727,11600,male
P0727,14100,male
P0406,8100,male
P0922,13300,male
P0922,8200,male
P0086,12300,female
P0003,10400,female
P0194,7500,female
P0133,13300,female
P0593,12600,female
P0003,7400,female
P0190,10400,female
P0293,18400,female
P0470,7800,male
P0472,9700,male
P0720,14800,male
P0791,6600,male
P0791,18000,male
P0851,8100,male
P1027,8600,male
P1035,10100,female
P1092,13700,male
P0280,20000,female
P0452,11800,female
P0013,12300,female
P0175,5800,female
P0975,10700,female
P1087,2600,female
P0346,9400,female
P0452,15000,female
P0013,9600,female
P0122,10100,female
P0194,10400,female
P0445,9800,female
P0824,10600,female
P0337,5300,male
P0472,8700,male
P0688,9100,female
P1025,12100,male
P1092,10900,male
P0012,7800,female
P0656,13000,male
P0656,14200,male
P0656,6100,male
P0475,10800,female
P0720,7800,male
P1049,8300,male
P0175,11600,female
P0175,13000,female
P0194,11500,female
P0899,8500,female
P0021,13900,male
P0037,13600,female
P0045,7000,female
P0076,11300,female
P0104,6500,female
P0156,15000,female
P0182,11100,female
P0268,13700,male
P0278,11500,female
P0278,9900,female
P0278,12700,female
P0434,6700,male
P0508,5600,female
P0732,8200,female
P0732,11100,female
P0735,8900,female
P0778,8700,male
P0779,13200,female
P0796,8600,female
P0796,13400,female
P0926,7700,male
P0988,9400,male
P1075,7600,male
P0110,8900,female
P0175,6500,female
P0220,11700,male
P0491,14100,female
P0743,11200,female
P0727,15800,male
P0727,4900,male
P1027,7800,male
P0235,12000,male
P1063,12300,male
